"Distribution of work","","","","","","","Dashboard of open issues","","","","","","","","","","",""
"Ward office","Ward","Receive Data","Enter Data","Scrutiny 1","Scrutiny 2","Scrutiny 3","Tab Name","No. of open issues","","","","","","","","","",""
"Yerawada-Kalas-Dhanori","1A","Tanmay","Tanmay","Tanmay + Indraneel","","","NagarRd-WadgaonSheri","0","","","","","","","","","",""
"Yerawada-Kalas-Dhanori","1B","Tanmay","Tanmay","Tanmay + Indraneel","","","Yerawada-Kalas-Dhanori","0","","","","","","","","","",""
"Yerawada-Kalas-Dhanori","1C","Tanmay","Tanmay","Tanmay + Indraneel","","","DholePatilRd","0","","","","","","","","","",""
"Yerawada-Kalas-Dhanori","1D","Tanmay","Tanmay","Tanmay + Indraneel","","","Aundh-Baner","0","","","","","","","","","",""
"Yerawada-Kalas-Dhanori","2A","Tanmay","Tanmay","Tanmay + Indraneel","","","Shivainagar-GholeRd","0","","","","","","","","","",""
"Yerawada-Kalas-Dhanori","2B","Tanmay","Tanmay","Tanmay + Indraneel","","","Kothrud-Bavdhan","0","","","","","","","","","",""
"Yerawada-Kalas-Dhanori","2C","Tanmay","Tanmay","Tanmay + Indraneel","","","Dhankawdi-Sahakarnagar","0","","","","","","","","","",""
"Yerawada-Kalas-Dhanori","2D","Tanmay","Tanmay","Tanmay + Indraneel","","","SinhgadRd","0","","","","","","","","","",""
"NagarRd-WadgaonSheri","3A","Bharat","Bharat","Oshin + Pranav","","","Warje-KarveNagar","0","","","","","","","","","",""
"NagarRd-WadgaonSheri","3B","Bharat","Bharat","Oshin + Pranav","","","Hadapsar-Mundhwa","0","","","","","","","","","",""
"NagarRd-WadgaonSheri","3C","Bharat","Bharat","Oshin + Pranav","","","Wanawdi-RamTekdi","0","","","","","","","","","",""
"NagarRd-WadgaonSheri","3D","Bharat","Bharat","Oshin + Pranav","","","Konthwa-Yewlewadi","0","","","","","","","","","",""
"NagarRd-WadgaonSheri","4A","Bharat","Bharat","Oshin + Pranav","","","Kasba-VishrambagWada","0","","","","","","","","","",""
"NagarRd-WadgaonSheri","4B","Bharat","Bharat","Oshin + Pranav","","","BhavaniPeth","0","","","","","","","","","",""
"NagarRd-WadgaonSheri","4C","Bharat","Bharat","Oshin + Pranav","","","Bibvewadi","0","","","","","","","","","",""
"NagarRd-WadgaonSheri","4D","Bharat","Bharat","Oshin + Pranav","","","NewTowns","","","","","","","","","","",""
"NagarRd-WadgaonSheri","5A","Bharat","Bharat","Oshin + Pranav","","","","","","","","","","","","","",""
"NagarRd-WadgaonSheri","5B","Bharat","Bharat","Oshin + Pranav","","","","","","","","","","","","","",""
"NagarRd-WadgaonSheri","5C","Bharat","Bharat","Oshin + Pranav","","","","","","","","","","","","","",""
"NagarRd-WadgaonSheri","5D","Bharat","Bharat","Oshin + Pranav","","","","","","","","","","","","","",""
"Yerawada-Kalas-Dhanori","6A","Tanmay","Tanmay","Tanmay + Indraneel","","","","","","","","","","","","","",""
"Yerawada-Kalas-Dhanori","6B","Tanmay","Tanmay","Tanmay + Indraneel","","","","","","","","","","","","","",""
"Yerawada-Kalas-Dhanori","6C","Tanmay","Tanmay","Tanmay + Indraneel","","","","","","","","","","","","","",""
"Yerawada-Kalas-Dhanori","6D","Tanmay","Tanmay","Tanmay + Indraneel","","","","","","","","","","","","","",""
"Shivajinagar-GholeRd","7A","Aniket R","Oshin","Bharat","Bharat + Deepgauri","","","","","","","","","","","","",""
"Shivajinagar-GholeRd","7B","Aniket R","Oshin","Bharat","Bharat + Deepgauri","","","","","","","","","","","","",""
"Shivajinagar-GholeRd","7C","Aniket R","Oshin","Bharat","Bharat + Deepgauri","","","","","","","","","","","","",""
"Shivajinagar-GholeRd","7D","Aniket R","Oshin","Bharat","Bharat + Deepgauri","","","","","","","","","","","","",""
"Aundh-Baner","8A","Bhakti","Bhakti","Bharat","Bhakti + Bharat","","","","","","","","","","","","",""
"Aundh-Baner","8B","Bhakti","Bhakti","Bharat","Bhakti + Bharat","","","","","","","","","","","","",""
"Aundh-Baner","8C","Bhakti","Bhakti","Bharat","Bhakti + Bharat","","","","","","","","","","","","",""
"Aundh-Baner","8D","Bhakti","Bhakti","Bharat","Bhakti + Bharat","","","","","","","","","","","","",""
"Aundh-Baner","9A","Bhakti","Bhakti","Bharat","Bhakti + Bharat","","","","","","","","","","","","",""
"Aundh-Baner","9B","Bhakti","Bhakti","Bharat","Bhakti + Bharat","","","","","","","","","","","","",""
"Aundh-Baner","9C","Bhakti","Bhakti","Bharat","Bhakti + Bharat","","","","","","","","","","","","",""
"Aundh-Baner","9D","Bhakti","Bhakti","Bharat","Bhakti + Bharat","","","","","","","","","","","","",""
"Kothrud-Bavdhan","10A","Priyanka","Priyanka","Aniket R +Bhakti","Pranav + Deepgauri","","","","","","","","","","","","",""
"Kothrud-Bavdhan","10B","Priyanka","Priyanka","Aniket R +Bhakti","Pranav + Deepgauri","","","","","","","","","","","","",""
"Kothrud-Bavdhan","10C","Priyanka","Priyanka","Aniket R +Bhakti","Pranav + Deepgauri","","","","","","","","","","","","",""
"Kothrud-Bavdhan","10D","Priyanka","Priyanka","Aniket R +Bhakti","Pranav + Deepgauri","","","","","","","","","","","","",""
"Kothrud-Bavdhan","11A","Priyanka","Priyanka","Aniket R +Bhakti","Pranav + Deepgauri","","","","","","","","","","","","",""
"Kothrud-Bavdhan","11B","Priyanka","Priyanka","Aniket R +Bhakti","Pranav + Deepgauri","","","","","","","","","","","","",""
"Kothrud-Bavdhan","11C","Priyanka","Priyanka","Aniket R +Bhakti","Pranav + Deepgauri","","","","","","","","","","","","",""
"Kothrud-Bavdhan","11D","Priyanka","Priyanka","Aniket R +Bhakti","Pranav + Deepgauri","","","","","","","","","","","","",""
"Kothrud-Bavdhan","12A","Priyanka","Priyanka","Aniket R +Bhakti","Pranav + Deepgauri","","","","","","","","","","","","",""
"Kothrud-Bavdhan","12B","Priyanka","Priyanka","Aniket R +Bhakti","Pranav + Deepgauri","","","","","","","","","","","","",""
"Kothrud-Bavdhan","12C","Priyanka","Priyanka","Aniket R +Bhakti","Pranav + Deepgauri","","","","","","","","","","","","",""
"Kothrud-Bavdhan","12D","Priyanka","Priyanka","Aniket R +Bhakti","Pranav + Deepgauri","","","","","","","","","","","","",""
"Warje-KarveNagar","13A","Rohan R","Pranav","Saurabh","Bhakti","","","","","","","","","","","","",""
"Warje-KarveNagar","13B","Rohan R","Pranav","Saurabh","Bhakti","","","","","","","","","","","","",""
"Warje-KarveNagar","13C","Rohan R","Pranav","Saurabh","Bhakti","","","","","","","","","","","","",""
"Warje-KarveNagar","13D","Rohan R","Pranav","Saurabh","Bhakti","","","","","","","","","","","","",""
"Shivajinagar-GholeRd","14A","Aniket R","Oshin","Bharat","Bharat + Deepgauri","","","","","","","","","","","","",""
"Shivajinagar-GholeRd","14B","Aniket R","Oshin","Bharat","Bharat + Deepgauri","","","","","","","","","","","","",""
"Shivajinagar-GholeRd","14C","Aniket R","Oshin","Bharat","Bharat + Deepgauri","","","","","","","","","","","","",""
"Shivajinagar-GholeRd","14D","Aniket R","Oshin","Bharat","Bharat + Deepgauri","","","","","","","","","","","","",""
"Kasba-VishrambagWada","15A","Indraneel","Tanmay","Bharat","Pranav","","","","","","","","","","","","",""
"Kasba-VishrambagWada","15B","Indraneel","Tanmay","Bharat","Pranav","","","","","","","","","","","","",""
"Kasba-VishrambagWada","15C","Indraneel","Tanmay","Bharat","Pranav","","","","","","","","","","","","",""
"Kasba-VishrambagWada","15D","Indraneel","Tanmay","Bharat","Pranav","","","","","","","","","","","","",""
"Kasba-VishrambagWada","16A","Indraneel","Tanmay","Bharat","Pranav","","","","","","","","","","","","",""
"Kasba-VishrambagWada","16B","Indraneel","Tanmay","Bharat","Pranav","","","","","","","","","","","","",""
"Kasba-VishrambagWada","16C","Indraneel","Tanmay","Bharat","Pranav","","","","","","","","","","","","",""
"Kasba-VishrambagWada","16D","Indraneel","Tanmay","Bharat","Pranav","","","","","","","","","","","","",""
"BhavaniPeth","17A","Priyanka","Pritesh","Bhakti + Nimita","Pranav + Oshin","","","","","","","","","","","","",""
"BhavaniPeth","17B","Priyanka","Pritesh","Bhakti + Nimita","Pranav + Oshin","","","","","","","","","","","","",""
"BhavaniPeth","17C","Priyanka","Pritesh","Bhakti + Nimita","Pranav + Oshin","","","","","","","","","","","","",""
"BhavaniPeth","17D","Priyanka","Pritesh","Bhakti + Nimita","Pranav + Oshin","","","","","","","","","","","","",""
"BhavaniPeth","18A","Priyanka","Pritesh","Bhakti + Nimita","Pranav + Oshin","","","","","","","","","","","","",""
"BhavaniPeth","18B","Priyanka","Pritesh","Bhakti + Nimita","Pranav + Oshin","","","","","","","","","","","","",""
"BhavaniPeth","18C","Priyanka","Pritesh","Bhakti + Nimita","Pranav + Oshin","","","","","","","","","","","","",""
"BhavaniPeth","18D","Priyanka","Pritesh","Bhakti + Nimita","Pranav + Oshin","","","","","","","","","","","","",""
"BhavaniPeth","19A","Priyanka","Pritesh","Bhakti + Nimita","Pranav + Oshin","","","","","","","","","","","","",""
"BhavaniPeth","19B","Priyanka","Pritesh","Bhakti + Nimita","Pranav + Oshin","","","","","","","","","","","","",""
"BhavaniPeth","19C","Priyanka","Pritesh","Bhakti + Nimita","Pranav + Oshin","","","","","","","","","","","","",""
"BhavaniPeth","19D","Priyanka","Pritesh","Bhakti + Nimita","Pranav + Oshin","","","","","","","","","","","","",""
"DholePatilRd","20A","Tanmay","Oshin","Bharat + Aniket R","Deepgauri","","","","","","","","","","","","",""
"DholePatilRd","20B","Tanmay","Oshin","Bharat + Aniket R","Deepgauri","","","","","","","","","","","","",""
"DholePatilRd","20C","Tanmay","Oshin","Bharat + Aniket R","Deepgauri","","","","","","","","","","","","",""
"DholePatilRd","20D","Tanmay","Oshin","Bharat + Aniket R","Deepgauri","","","","","","","","","","","","",""
"DholePatilRd","21A","Tanmay","Oshin","Bharat + Aniket R","Deepgauri","","","","","","","","","","","","",""
"DholePatilRd","21B","Tanmay","Oshin","Bharat + Aniket R","Deepgauri","","","","","","","","","","","","",""
"DholePatilRd","21C","Tanmay","Oshin","Bharat + Aniket R","Deepgauri","","","","","","","","","","","","",""
"DholePatilRd","21D","Tanmay","Oshin","Bharat + Aniket R","Deepgauri","","","","","","","","","","","","",""
"Hadapsar-Mundhwa","22A","Atul","Bharat","Oshin + Pranav","Bharat","","","","","","","","","","","","",""
"Hadapsar-Mundhwa","22B","Atul","Bharat","Oshin + Pranav","Bharat","","","","","","","","","","","","",""
"Hadapsar-Mundhwa","22C","Atul","Bharat","Oshin + Pranav","Bharat","","","","","","","","","","","","",""
"Hadapsar-Mundhwa","22D","Atul","Bharat","Oshin + Pranav","Bharat","","","","","","","","","","","","",""
"Hadapsar-Mundhwa","23A","Atul","Bharat","Oshin + Pranav","Bharat","","","","","","","","","","","","",""
"Hadapsar-Mundhwa","23B","Atul","Bharat","Oshin + Pranav","Bharat","","","","","","","","","","","","",""
"Hadapsar-Mundhwa","23C","Atul","Bharat","Oshin + Pranav","Bharat","","","","","","","","","","","","",""
"Hadapsar-Mundhwa","23D","Atul","Bharat","Oshin + Pranav","Bharat","","","","","","","","","","","","",""
"Wanawdi-RamTekdi","24A","Priyanka","Priyana","Oshin + Pranav","","","","","","","","","","","","","",""
"Wanawdi-RamTekdi","24B","Priyanka","Priyana","Oshin + Pranav","","","","","","","","","","","","","",""
"Wanawdi-RamTekdi","24C","Priyanka","Priyana","Oshin + Pranav","","","","","","","","","","","","","",""
"Wanawdi-RamTekdi","24D","Priyanka","Priyana","Oshin + Pranav","","","","","","","","","","","","","",""
"Wanawdi-RamTekdi","25A","Priyanka","Priyana","Oshin + Pranav","","","","","","","","","","","","","",""
"Wanawdi-RamTekdi","25B","Priyanka","Priyana","Oshin + Pranav","","","","","","","","","","","","","",""
"Wanawdi-RamTekdi","25C","Priyanka","Priyana","Oshin + Pranav","","","","","","","","","","","","","",""
"Wanawdi-RamTekdi","25D","Priyanka","Priyana","Oshin + Pranav","","","","","","","","","","","","","",""
"Hadapsar-Mundhwa","26A","Atul","Bharat","Oshin + Pranav","Bharat","","","","","","","","","","","","",""
"Hadapsar-Mundhwa","26B","Atul","Bharat","Oshin + Pranav","Bharat","","","","","","","","","","","","",""
"Hadapsar-Mundhwa","26C","Atul","Bharat","Oshin + Pranav","Bharat","","","","","","","","","","","","",""
"Hadapsar-Mundhwa","26D","Atul","Bharat","Oshin + Pranav","Bharat","","","","","","","","","","","","",""
"Wanawdi-RamTekdi","27A","Atul","Priyanka","Oshin + Pranav","","","","","","","","","","","","","",""
"Wanawdi-RamTekdi","27B","Atul","Priyanka","Oshin + Pranav","","","","","","","","","","","","","",""
"Wanawdi-RamTekdi","27C","Atul","Priyanka","Oshin + Pranav","","","","","","","","","","","","","",""
"Wanawdi-RamTekdi","27D","Atul","Priyanka","Oshin + Pranav","","","","","","","","","","","","","",""
"Bibvewadi","28A","Indraneel","Pritesh","Oshin + Pranav","Bharat","","","","","","","","","","","","",""
"Bibvewadi","28B","Indraneel","Pritesh","Oshin + Pranav","Bharat","","","","","","","","","","","","",""
"Bibvewadi","28C","Indraneel","Pritesh","Oshin + Pranav","Bharat","","","","","","","","","","","","",""
"Bibvewadi","28D","Indraneel","Pritesh","Oshin + Pranav","Bharat","","","","","","","","","","","","",""
"Kasba-VishrambagWada","29A","Indraneel","Tanmay","Bharat","Pranav","","","","","","","","","","","","",""
"Kasba-VishrambagWada","29B","Indraneel","Tanmay","Bharat","Pranav","","","","","","","","","","","","",""
"Kasba-VishrambagWada","29C","Indraneel","Tanmay","Bharat","Pranav","","","","","","","","","","","","",""
"Kasba-VishrambagWada","29D","Indraneel","Tanmay","Bharat","Pranav","","","","","","","","","","","","",""
"SinhgadRd","30A","Rohan R","Rohan R","Bharat","","","","","","","","","","","","","",""
"SinhgadRd","30B","Rohan R","Rohan R","Bharat","","","","","","","","","","","","","",""
"SinhgadRd","30C","Rohan R","Rohan R","Bharat","","","","","","","","","","","","","",""
"SinhgadRd","30D","Rohan R","Rohan R","Bharat","","","","","","","","","","","","","",""
"Warje-KarveNagar","31A","Rohan R","Pranav","Saurabh","Bhakti","","","","","","","","","","","","",""
"Warje-KarveNagar","31B","Rohan R","Pranav","Saurabh","Bhakti","","","","","","","","","","","","",""
"Warje-KarveNagar","31C","Rohan R","Pranav","Saurabh","Bhakti","","","","","","","","","","","","",""
"Warje-KarveNagar","31D","Rohan R","Pranav","Saurabh","Bhakti","","","","","","","","","","","","",""
"Warje-KarveNagar","32A","Rohan R","Pranav","Saurabh","Bhakti","","","","","","","","","","","","",""
"Warje-KarveNagar","32B","Rohan R","Pranav","Saurabh","Bhakti","","","","","","","","","","","","",""
"Warje-KarveNagar","32C","Rohan R","Pranav","Saurabh","Bhakti","","","","","","","","","","","","",""
"Warje-KarveNagar","32D","Rohan R","Pranav","Saurabh","Bhakti","","","","","","","","","","","","",""
"SinhgadRd","33A","Rohan R","Rohan R","Bharat","","","","","","","","","","","","","",""
"SinhgadRd","33B","Rohan R","Rohan R","Bharat","","","","","","","","","","","","","",""
"SinhgadRd","33C","Rohan R","Rohan R","Bharat","","","","","","","","","","","","","",""
"SinhgadRd","33D","Rohan R","Rohan R","Bharat","","","","","","","","","","","","","",""
"SinhgadRd","34A","Rohan R","Rohan R","Bharat","","","","","","","","","","","","","",""
"SinhgadRd","34B","Rohan R","Rohan R","Bharat","","","","","","","","","","","","","",""
"SinhgadRd","34C","Rohan R","Rohan R","Bharat","","","","","","","","","","","","","",""
"SinhgadRd","34D","Rohan R","Rohan R","Bharat","","","","","","","","","","","","","",""
"Dhankawdi-Sahakarnagar","35A","Indraneel","Pranav","Bhakti + Nimita","Bharat + Deepgauri","","","","","","","","","","","","",""
"Dhankawdi-Sahakarnagar","35B","Indraneel","Pranav","Bhakti + Nimita","Bharat + Deepgauri","","","","","","","","","","","","",""
"Dhankawdi-Sahakarnagar","35C","Indraneel","Pranav","Bhakti + Nimita","Bharat + Deepgauri","","","","","","","","","","","","",""
"Dhankawdi-Sahakarnagar","35D","Indraneel","Pranav","Bhakti + Nimita","Bharat + Deepgauri","","","","","","","","","","","","",""
"Bibvewadi","36A","Indraneel","Pritesh","Oshin + Pranav","Bharat","","","","","","","","","","","","",""
"Bibvewadi","36B","Indraneel","Pritesh","Oshin + Pranav","Bharat","","","","","","","","","","","","",""
"Bibvewadi","36C","Indraneel","Pritesh","Oshin + Pranav","Bharat","","","","","","","","","","","","",""
"Bibvewadi","36D","Indraneel","Pritesh","Oshin + Pranav","Bharat","","","","","","","","","","","","",""
"Bibvewadi","37A","Indraneel","Pritesh","Oshin + Pranav","Bharat","","","","","","","","","","","","",""
"Bibvewadi","37B","Indraneel","Pritesh","Oshin + Pranav","Bharat","","","","","","","","","","","","",""
"Bibvewadi","37C","Indraneel","Pritesh","Oshin + Pranav","Bharat","","","","","","","","","","","","",""
"Bibvewadi","37D","Indraneel","Pritesh","Oshin + Pranav","Bharat","","","","","","","","","","","","",""
"Konthwa-Yewlewadi","38A","Priyanka","Oshin","Pranav","Oshin + Pranav","","","","","","","","","","","","",""
"Konthwa-Yewlewadi","38B","Priyanka","Oshin","Pranav","Oshin + Pranav","","","","","","","","","","","","",""
"Konthwa-Yewlewadi","38C","Priyanka","Oshin","Pranav","Oshin + Pranav","","","","","","","","","","","","",""
"Konthwa-Yewlewadi","38D","Priyanka","Oshin","Pranav","Oshin + Pranav","","","","","","","","","","","","",""
"Dhankawdi-Sahakarnagar","39A","Indraneel","Pranav","Bhakti + Nimita","Bharat + Deepgauri","","","","","","","","","","","","",""
"Dhankawdi-Sahakarnagar","39B","Indraneel","Pranav","Bhakti + Nimita","Bharat + Deepgauri","","","","","","","","","","","","",""
"Dhankawdi-Sahakarnagar","39C","Indraneel","Pranav","Bhakti + Nimita","Bharat + Deepgauri","","","","","","","","","","","","",""
"Dhankawdi-Sahakarnagar","39D","Indraneel","Pranav","Bhakti + Nimita","Bharat + Deepgauri","","","","","","","","","","","","",""
"Dhankawdi-Sahakarnagar","40A","Indraneel","Pranav","Bhakti + Nimita","Bharat + Deepgauri","","","","","","","","","","","","",""
"Dhankawdi-Sahakarnagar","40B","Indraneel","Pranav","Bhakti + Nimita","Bharat + Deepgauri","","","","","","","","","","","","",""
"Dhankawdi-Sahakarnagar","40C","Indraneel","Pranav","Bhakti + Nimita","Bharat + Deepgauri","","","","","","","","","","","","",""
"Dhankawdi-Sahakarnagar","40D","Indraneel","Pranav","Bhakti + Nimita","Bharat + Deepgauri","","","","","","","","","","","","",""
"Konthwa-Yewlewadi","41A","Priyanka","Oshin","Pranav","Oshin + Pranav","","","","","","","","","","","","",""
"Konthwa-Yewlewadi","41B","Priyanka","Oshin","Pranav","Oshin + Pranav","","","","","","","","","","","","",""
"Konthwa-Yewlewadi","41C","Priyanka","Oshin","Pranav","Oshin + Pranav","","","","","","","","","","","","",""
"Konthwa-Yewlewadi","41D","Priyanka","Oshin","Pranav","Oshin + Pranav","","","","","","","","","","","","",""
"","","","","","","","","","","","","","","","","","",""
"Attendance","All","Tanmay","Vrushali + Tanmay","","","","","","","","","","","","","","",""
"Questions","All","Indraneel","Tanmay","","","","","","","","","","","","","","",""
"Photos","All","Gaurav","Gaurav","","","","","","","","","","","","","","",""
"Party","All","Gaurav","Gaurav","","","","","","","","","","","","","","",""
"","","","","","","","","","","","","","","","","","",""
"","","","","","","","","","","","","","","","","","",""
"","","","","","","","","","","","","","","","","","",""
"","","","","","","","","","","","","","","","","","",""
"","","","","","","","","","","","","","","","","","",""
"","","","","","","","","","","","","","","","","","",""
"","","","","","","","","","","","","","","","","","",""
"","","","","","","","","","","","","","","","","","",""
"","","","","","","","","","","","","","","","","","",""
"","","","","","","","","","","","","","","","","","",""
"","","","","","","","","","","","","","","","","","",""
"","","","","","","","","","","","","","","","","","",""
"","","","","","","","","","","","","","","","","","",""
"","","","","","","","","","","","","","","","","","",""
"","","","","","","","","","","","","","","","","","",""
"","","","","","","","","","","","","","","","","","",""
"","","","","","","","","","","","","","","","","","",""
"","","","","","","","","","","","","","","","","","",""
"","","","","","","","","","","","","","","","","","",""
"","","","","","","","","","","","","","","","","","",""
"","","","","","","","","","","","","","","","","","",""
"","","","","","","","","","","","","","","","","","",""
"","","","","","","","","","","","","","","","","","",""
"","","","","","","","","","","","","","","","","","",""
"","","","","","","","","","","","","","","","","","",""
"","","","","","","","","","","","","","","","","","",""
"","","","","","","","","","","","","","","","","","",""
"","","","","","","","","","","","","","","","","","",""
"","","","","","","","","","","","","","","","","","",""
"","","","","","","","","","","","","","","","","","",""
"","","","","","","","","","","","","","","","","","",""
"","","","","","","","","","","","","","","","","","",""
"","","","","","","","","","","","","","","","","","",""
"","","","","","","","","","","","","","","","","","",""
"","","","","","","","","","","","","","","","","","",""
"","","","","","","","","","","","","","","","","","",""
"","","","","","","","","","","","","","","","","","",""
"","","","","","","","","","","","","","","","","","",""
"","","","","","","","","","","","","","","","","","",""
"","","","","","","","","","","","","","","","","","",""
"","","","","","","","","","","","","","","","","","",""
"","","","","","","","","","","","","","","","","","",""
"","","","","","","","","","","","","","","","","","",""
"","","","","","","","","","","","","","","","","","",""
"","","","","","","","","","","","","","","","","","",""
"","","","","","","","","","","","","","","","","","",""
"","","","","","","","","","","","","","","","","","",""
"","","","","","","","","","","","","","","","","","",""
"","","","","","","","","","","","","","","","","","",""
"","","","","","","","","","","","","","","","","","",""
"","","","","","","","","","","","","","","","","","",""
"","","","","","","","","","","","","","","","","","",""
"","","","","","","","","","","","","","","","","","",""
"","","","","","","","","","","","","","","","","","",""
"","","","","","","","","","","","","","","","","","",""
"","","","","","","","","","","","","","","","","","",""
"","","","","","","","","","","","","","","","","","",""
"","","","","","","","","","","","","","","","","","",""
"","","","","","","","","","","","","","","","","","",""
"","","","","","","","","","","","","","","","","","",""
"","","","","","","","","","","","","","","","","","",""
"","","","","","","","","","","","","","","","","","",""
"","","","","","","","","","","","","","","","","","",""
"","","","","","","","","","","","","","","","","","",""
"","","","","","","","","","","","","","","","","","",""
"","","","","","","","","","","","","","","","","","",""
"","","","","","","","","","","","","","","","","","",""
"","","","","","","","","","","","","","","","","","",""
"","","","","","","","","","","","","","","","","","",""
"","","","","","","","","","","","","","","","","","",""
"","","","","","","","","","","","","","","","","","",""
"","","","","","","","","","","","","","","","","","",""
"","","","","","","","","","","","","","","","","","",""
"","","","","","","","","","","","","","","","","","",""
"","","","","","","","","","","","","","","","","","",""
"","","","","","","","","","","","","","","","","","",""
"","","","","","","","","","","","","","","","","","",""
"","","","","","","","","","","","","","","","","","",""
"","","","","","","","","","","","","","","","","","",""
"","","","","","","","","","","","","","","","","","",""
"","","","","","","","","","","","","","","","","","",""
"","","","","","","","","","","","","","","","","","",""
"","","","","","","","","","","","","","","","","","",""
"","","","","","","","","","","","","","","","","","",""
"","","","","","","","","","","","","","","","","","",""
"","","","","","","","","","","","","","","","","","",""
"","","","","","","","","","","","","","","","","","",""
"","","","","","","","","","","","","","","","","","",""
"","","","","","","","","","","","","","","","","","",""
"","","","","","","","","","","","","","","","","","",""
"","","","","","","","","","","","","","","","","","",""
"","","","","","","","","","","","","","","","","","",""
"","","","","","","","","","","","","","","","","","",""
"","","","","","","","","","","","","","","","","","",""
"","","","","","","","","","","","","","","","","","",""
"","","","","","","","","","","","","","","","","","",""
"","","","","","","","","","","","","","","","","","",""
"","","","","","","","","","","","","","","","","","",""
"","","","","","","","","","","","","","","","","","",""
"","","","","","","","","","","","","","","","","","",""
"","","","","","","","","","","","","","","","","","",""
"","","","","","","","","","","","","","","","","","",""
"","","","","","","","","","","","","","","","","","",""
"","","","","","","","","","","","","","","","","","",""
"","","","","","","","","","","","","","","","","","",""
"","","","","","","","","","","","","","","","","","",""
"","","","","","","","","","","","","","","","","","",""
"","","","","","","","","","","","","","","","","","",""
"","","","","","","","","","","","","","","","","","",""
"","","","","","","","","","","","","","","","","","",""
"","","","","","","","","","","","","","","","","","",""
"","","","","","","","","","","","","","","","","","",""
"","","","","","","","","","","","","","","","","","",""
"","","","","","","","","","","","","","","","","","",""
"","","","","","","","","","","","","","","","","","",""
"","","","","","","","","","","","","","","","","","",""
"","","","","","","","","","","","","","","","","","",""
"","","","","","","","","","","","","","","","","","",""
"","","","","","","","","","","","","","","","","","",""
"","","","","","","","","","","","","","","","","","",""
"","","","","","","","","","","","","","","","","","",""
"","","","","","","","","","","","","","","","","","",""
"","","","","","","","","","","","","","","","","","",""
"","","","","","","","","","","","","","","","","","",""
"","","","","","","","","","","","","","","","","","",""
"","","","","","","","","","","","","","","","","","",""
"","","","","","","","","","","","","","","","","","",""
"","","","","","","","","","","","","","","","","","",""
"","","","","","","","","","","","","","","","","","",""
"","","","","","","","","","","","","","","","","","",""
"","","","","","","","","","","","","","","","","","",""
"","","","","","","","","","","","","","","","","","",""
"","","","","","","","","","","","","","","","","","",""
"","","","","","","","","","","","","","","","","","",""
"","","","","","","","","","","","","","","","","","",""
"","","","","","","","","","","","","","","","","","",""
"","","","","","","","","","","","","","","","","","",""
"","","","","","","","","","","","","","","","","","",""
"","","","","","","","","","","","","","","","","","",""
"","","","","","","","","","","","","","","","","","",""
"","","","","","","","","","","","","","","","","","",""
"","","","","","","","","","","","","","","","","","",""
"","","","","","","","","","","","","","","","","","",""
"","","","","","","","","","","","","","","","","","",""
"","","","","","","","","","","","","","","","","","",""
"","","","","","","","","","","","","","","","","","",""
"","","","","","","","","","","","","","","","","","",""
"","","","","","","","","","","","","","","","","","",""
"","","","","","","","","","","","","","","","","","",""
"","","","","","","","","","","","","","","","","","",""
"","","","","","","","","","","","","","","","","","",""
"","","","","","","","","","","","","","","","","","",""
"","","","","","","","","","","","","","","","","","",""
"","","","","","","","","","","","","","","","","","",""
"","","","","","","","","","","","","","","","","","",""
"","","","","","","","","","","","","","","","","","",""
"","","","","","","","","","","","","","","","","","",""
"","","","","","","","","","","","","","","","","","",""
"","","","","","","","","","","","","","","","","","",""
"","","","","","","","","","","","","","","","","","",""
"","","","","","","","","","","","","","","","","","",""
"","","","","","","","","","","","","","","","","","",""
"","","","","","","","","","","","","","","","","","",""
"","","","","","","","","","","","","","","","","","",""
"","","","","","","","","","","","","","","","","","",""
"","","","","","","","","","","","","","","","","","",""
"","","","","","","","","","","","","","","","","","",""
"","","","","","","","","","","","","","","","","","",""
"","","","","","","","","","","","","","","","","","",""
"","","","","","","","","","","","","","","","","","",""
"","","","","","","","","","","","","","","","","","",""
"","","","","","","","","","","","","","","","","","",""
"","","","","","","","","","","","","","","","","","",""
"","","","","","","","","","","","","","","","","","",""
"","","","","","","","","","","","","","","","","","",""
"","","","","","","","","","","","","","","","","","",""
"","","","","","","","","","","","","","","","","","",""
"","","","","","","","","","","","","","","","","","",""
"","","","","","","","","","","","","","","","","","",""
"","","","","","","","","","","","","","","","","","",""
"","","","","","","","","","","","","","","","","","",""
"","","","","","","","","","","","","","","","","","",""
"","","","","","","","","","","","","","","","","","",""
"","","","","","","","","","","","","","","","","","",""
"","","","","","","","","","","","","","","","","","",""
"","","","","","","","","","","","","","","","","","",""
"","","","","","","","","","","","","","","","","","",""
"","","","","","","","","","","","","","","","","","",""
"","","","","","","","","","","","","","","","","","",""
"","","","","","","","","","","","","","","","","","",""
"","","","","","","","","","","","","","","","","","",""
"","","","","","","","","","","","","","","","","","",""
"","","","","","","","","","","","","","","","","","",""
"","","","","","","","","","","","","","","","","","",""
"","","","","","","","","","","","","","","","","","",""
"","","","","","","","","","","","","","","","","","",""
"","","","","","","","","","","","","","","","","","",""
"","","","","","","","","","","","","","","","","","",""
"","","","","","","","","","","","","","","","","","",""
"","","","","","","","","","","","","","","","","","",""
"","","","","","","","","","","","","","","","","","",""
"","","","","","","","","","","","","","","","","","",""
"","","","","","","","","","","","","","","","","","",""
"","","","","","","","","","","","","","","","","","",""
"","","","","","","","","","","","","","","","","","",""
"","","","","","","","","","","","","","","","","","",""
"","","","","","","","","","","","","","","","","","",""
"","","","","","","","","","","","","","","","","","",""
"","","","","","","","","","","","","","","","","","",""
"","","","","","","","","","","","","","","","","","",""
"","","","","","","","","","","","","","","","","","",""
"","","","","","","","","","","","","","","","","","",""
"","","","","","","","","","","","","","","","","","",""
"","","","","","","","","","","","","","","","","","",""
"","","","","","","","","","","","","","","","","","",""
"","","","","","","","","","","","","","","","","","",""
"","","","","","","","","","","","","","","","","","",""
"","","","","","","","","","","","","","","","","","",""
"","","","","","","","","","","","","","","","","","",""
"","","","","","","","","","","","","","","","","","",""
"","","","","","","","","","","","","","","","","","",""
"","","","","","","","","","","","","","","","","","",""
"","","","","","","","","","","","","","","","","","",""
"","","","","","","","","","","","","","","","","","",""
"","","","","","","","","","","","","","","","","","",""
"","","","","","","","","","","","","","","","","","",""
"","","","","","","","","","","","","","","","","","",""
"","","","","","","","","","","","","","","","","","",""
"","","","","","","","","","","","","","","","","","",""
"","","","","","","","","","","","","","","","","","",""
"","","","","","","","","","","","","","","","","","",""
"","","","","","","","","","","","","","","","","","",""
"","","","","","","","","","","","","","","","","","",""
"","","","","","","","","","","","","","","","","","",""
"","","","","","","","","","","","","","","","","","",""
"","","","","","","","","","","","","","","","","","",""
"","","","","","","","","","","","","","","","","","",""
"","","","","","","","","","","","","","","","","","",""
"","","","","","","","","","","","","","","","","","",""
"","","","","","","","","","","","","","","","","","",""
"","","","","","","","","","","","","","","","","","",""
"","","","","","","","","","","","","","","","","","",""
"","","","","","","","","","","","","","","","","","",""
"","","","","","","","","","","","","","","","","","",""
"","","","","","","","","","","","","","","","","","",""
"","","","","","","","","","","","","","","","","","",""
"","","","","","","","","","","","","","","","","","",""
"","","","","","","","","","","","","","","","","","",""
"","","","","","","","","","","","","","","","","","",""
"","","","","","","","","","","","","","","","","","",""
"","","","","","","","","","","","","","","","","","",""
"","","","","","","","","","","","","","","","","","",""
"","","","","","","","","","","","","","","","","","",""
"","","","","","","","","","","","","","","","","","",""
"","","","","","","","","","","","","","","","","","",""
"","","","","","","","","","","","","","","","","","",""
"","","","","","","","","","","","","","","","","","",""
"","","","","","","","","","","","","","","","","","",""
"","","","","","","","","","","","","","","","","","",""
"","","","","","","","","","","","","","","","","","",""
"","","","","","","","","","","","","","","","","","",""
"","","","","","","","","","","","","","","","","","",""
"","","","","","","","","","","","","","","","","","",""
"","","","","","","","","","","","","","","","","","",""
"","","","","","","","","","","","","","","","","","",""
"","","","","","","","","","","","","","","","","","",""
"","","","","","","","","","","","","","","","","","",""
"","","","","","","","","","","","","","","","","","",""
"","","","","","","","","","","","","","","","","","",""
"","","","","","","","","","","","","","","","","","",""
"","","","","","","","","","","","","","","","","","",""
"","","","","","","","","","","","","","","","","","",""
"","","","","","","","","","","","","","","","","","",""
"","","","","","","","","","","","","","","","","","",""
"","","","","","","","","","","","","","","","","","",""
"","","","","","","","","","","","","","","","","","",""
"","","","","","","","","","","","","","","","","","",""
"","","","","","","","","","","","","","","","","","",""
"","","","","","","","","","","","","","","","","","",""
"","","","","","","","","","","","","","","","","","",""
"","","","","","","","","","","","","","","","","","",""
"","","","","","","","","","","","","","","","","","",""
"","","","","","","","","","","","","","","","","","",""
"","","","","","","","","","","","","","","","","","",""
"","","","","","","","","","","","","","","","","","",""
"","","","","","","","","","","","","","","","","","",""
"","","","","","","","","","","","","","","","","","",""
"","","","","","","","","","","","","","","","","","",""
"","","","","","","","","","","","","","","","","","",""
"","","","","","","","","","","","","","","","","","",""
"","","","","","","","","","","","","","","","","","",""
"","","","","","","","","","","","","","","","","","",""
"","","","","","","","","","","","","","","","","","",""
"","","","","","","","","","","","","","","","","","",""
"","","","","","","","","","","","","","","","","","",""
"","","","","","","","","","","","","","","","","","",""
"","","","","","","","","","","","","","","","","","",""
"","","","","","","","","","","","","","","","","","",""
"","","","","","","","","","","","","","","","","","",""
"","","","","","","","","","","","","","","","","","",""
"","","","","","","","","","","","","","","","","","",""
"","","","","","","","","","","","","","","","","","",""
"","","","","","","","","","","","","","","","","","",""
"","","","","","","","","","","","","","","","","","",""
"","","","","","","","","","","","","","","","","","",""
"","","","","","","","","","","","","","","","","","",""
"","","","","","","","","","","","","","","","","","",""
"","","","","","","","","","","","","","","","","","",""
"","","","","","","","","","","","","","","","","","",""
"","","","","","","","","","","","","","","","","","",""
"","","","","","","","","","","","","","","","","","",""
"","","","","","","","","","","","","","","","","","",""
"","","","","","","","","","","","","","","","","","",""
"","","","","","","","","","","","","","","","","","",""
"","","","","","","","","","","","","","","","","","",""
"","","","","","","","","","","","","","","","","","",""
"","","","","","","","","","","","","","","","","","",""
"","","","","","","","","","","","","","","","","","",""
"","","","","","","","","","","","","","","","","","",""
"","","","","","","","","","","","","","","","","","",""
"","","","","","","","","","","","","","","","","","",""
"","","","","","","","","","","","","","","","","","",""
"","","","","","","","","","","","","","","","","","",""
"","","","","","","","","","","","","","","","","","",""
"","","","","","","","","","","","","","","","","","",""
"","","","","","","","","","","","","","","","","","",""
"","","","","","","","","","","","","","","","","","",""
"","","","","","","","","","","","","","","","","","",""
"","","","","","","","","","","","","","","","","","",""
"","","","","","","","","","","","","","","","","","",""
"","","","","","","","","","","","","","","","","","",""
"","","","","","","","","","","","","","","","","","",""
"","","","","","","","","","","","","","","","","","",""
"","","","","","","","","","","","","","","","","","",""
"","","","","","","","","","","","","","","","","","",""
"","","","","","","","","","","","","","","","","","",""
"","","","","","","","","","","","","","","","","","",""
"","","","","","","","","","","","","","","","","","",""
"","","","","","","","","","","","","","","","","","",""
"","","","","","","","","","","","","","","","","","",""
"","","","","","","","","","","","","","","","","","",""
"","","","","","","","","","","","","","","","","","",""
"","","","","","","","","","","","","","","","","","",""
"","","","","","","","","","","","","","","","","","",""
"","","","","","","","","","","","","","","","","","",""
"","","","","","","","","","","","","","","","","","",""
"","","","","","","","","","","","","","","","","","",""
"","","","","","","","","","","","","","","","","","",""
"","","","","","","","","","","","","","","","","","",""
"","","","","","","","","","","","","","","","","","",""
"","","","","","","","","","","","","","","","","","",""
"","","","","","","","","","","","","","","","","","",""
"","","","","","","","","","","","","","","","","","",""
"","","","","","","","","","","","","","","","","","",""
"","","","","","","","","","","","","","","","","","",""
"","","","","","","","","","","","","","","","","","",""
"","","","","","","","","","","","","","","","","","",""
"","","","","","","","","","","","","","","","","","",""
"","","","","","","","","","","","","","","","","","",""
"","","","","","","","","","","","","","","","","","",""
"","","","","","","","","","","","","","","","","","",""
"","","","","","","","","","","","","","","","","","",""
"","","","","","","","","","","","","","","","","","",""
"","","","","","","","","","","","","","","","","","",""
"","","","","","","","","","","","","","","","","","",""
"","","","","","","","","","","","","","","","","","",""
"","","","","","","","","","","","","","","","","","",""
"","","","","","","","","","","","","","","","","","",""
"","","","","","","","","","","","","","","","","","",""
"","","","","","","","","","","","","","","","","","",""
"","","","","","","","","","","","","","","","","","",""
"","","","","","","","","","","","","","","","","","",""
"","","","","","","","","","","","","","","","","","",""
"","","","","","","","","","","","","","","","","","",""
"","","","","","","","","","","","","","","","","","",""
"","","","","","","","","","","","","","","","","","",""
"","","","","","","","","","","","","","","","","","",""
"","","","","","","","","","","","","","","","","","",""
"","","","","","","","","","","","","","","","","","",""
"","","","","","","","","","","","","","","","","","",""
"","","","","","","","","","","","","","","","","","",""
"","","","","","","","","","","","","","","","","","",""
"","","","","","","","","","","","","","","","","","",""
"","","","","","","","","","","","","","","","","","",""
"","","","","","","","","","","","","","","","","","",""
"","","","","","","","","","","","","","","","","","",""
"","","","","","","","","","","","","","","","","","",""
"","","","","","","","","","","","","","","","","","",""
"","","","","","","","","","","","","","","","","","",""
"","","","","","","","","","","","","","","","","","",""
"","","","","","","","","","","","","","","","","","",""
"","","","","","","","","","","","","","","","","","",""
"","","","","","","","","","","","","","","","","","",""
"","","","","","","","","","","","","","","","","","",""
"","","","","","","","","","","","","","","","","","",""
"","","","","","","","","","","","","","","","","","",""
"","","","","","","","","","","","","","","","","","",""
"","","","","","","","","","","","","","","","","","",""
"","","","","","","","","","","","","","","","","","",""
"","","","","","","","","","","","","","","","","","",""
"","","","","","","","","","","","","","","","","","",""
"","","","","","","","","","","","","","","","","","",""
"","","","","","","","","","","","","","","","","","",""
"","","","","","","","","","","","","","","","","","",""
"","","","","","","","","","","","","","","","","","",""
"","","","","","","","","","","","","","","","","","",""
"","","","","","","","","","","","","","","","","","",""
"","","","","","","","","","","","","","","","","","",""
"","","","","","","","","","","","","","","","","","",""
"","","","","","","","","","","","","","","","","","",""
"","","","","","","","","","","","","","","","","","",""
"","","","","","","","","","","","","","","","","","",""
"","","","","","","","","","","","","","","","","","",""
"","","","","","","","","","","","","","","","","","",""
"","","","","","","","","","","","","","","","","","",""
"","","","","","","","","","","","","","","","","","",""
"","","","","","","","","","","","","","","","","","",""
"","","","","","","","","","","","","","","","","","",""
"","","","","","","","","","","","","","","","","","",""
"","","","","","","","","","","","","","","","","","",""
"","","","","","","","","","","","","","","","","","",""
"","","","","","","","","","","","","","","","","","",""
"","","","","","","","","","","","","","","","","","",""
"","","","","","","","","","","","","","","","","","",""
"","","","","","","","","","","","","","","","","","",""
"","","","","","","","","","","","","","","","","","",""
"","","","","","","","","","","","","","","","","","",""
"","","","","","","","","","","","","","","","","","",""
"","","","","","","","","","","","","","","","","","",""
"","","","","","","","","","","","","","","","","","",""
"","","","","","","","","","","","","","","","","","",""
"","","","","","","","","","","","","","","","","","",""
"","","","","","","","","","","","","","","","","","",""
"","","","","","","","","","","","","","","","","","",""
"","","","","","","","","","","","","","","","","","",""
"","","","","","","","","","","","","","","","","","",""
"","","","","","","","","","","","","","","","","","",""
"","","","","","","","","","","","","","","","","","",""
"","","","","","","","","","","","","","","","","","",""
"","","","","","","","","","","","","","","","","","",""
"","","","","","","","","","","","","","","","","","",""
"","","","","","","","","","","","","","","","","","",""
"","","","","","","","","","","","","","","","","","",""
"","","","","","","","","","","","","","","","","","",""
"","","","","","","","","","","","","","","","","","",""
"","","","","","","","","","","","","","","","","","",""
"","","","","","","","","","","","","","","","","","",""
"","","","","","","","","","","","","","","","","","",""
"","","","","","","","","","","","","","","","","","",""
"","","","","","","","","","","","","","","","","","",""
"","","","","","","","","","","","","","","","","","",""
"","","","","","","","","","","","","","","","","","",""
"","","","","","","","","","","","","","","","","","",""
"","","","","","","","","","","","","","","","","","",""
"","","","","","","","","","","","","","","","","","",""
"","","","","","","","","","","","","","","","","","",""
"","","","","","","","","","","","","","","","","","",""
"","","","","","","","","","","","","","","","","","",""
"","","","","","","","","","","","","","","","","","",""
"","","","","","","","","","","","","","","","","","",""
"","","","","","","","","","","","","","","","","","",""
"","","","","","","","","","","","","","","","","","",""
"","","","","","","","","","","","","","","","","","",""
"","","","","","","","","","","","","","","","","","",""
"","","","","","","","","","","","","","","","","","",""
"","","","","","","","","","","","","","","","","","",""
"","","","","","","","","","","","","","","","","","",""
"","","","","","","","","","","","","","","","","","",""
"","","","","","","","","","","","","","","","","","",""
"","","","","","","","","","","","","","","","","","",""
"","","","","","","","","","","","","","","","","","",""
"","","","","","","","","","","","","","","","","","",""
"","","","","","","","","","","","","","","","","","",""
"","","","","","","","","","","","","","","","","","",""
"","","","","","","","","","","","","","","","","","",""
"","","","","","","","","","","","","","","","","","",""
"","","","","","","","","","","","","","","","","","",""
"","","","","","","","","","","","","","","","","","",""
"","","","","","","","","","","","","","","","","","",""
"","","","","","","","","","","","","","","","","","",""
"","","","","","","","","","","","","","","","","","",""
"","","","","","","","","","","","","","","","","","",""
"","","","","","","","","","","","","","","","","","",""
"","","","","","","","","","","","","","","","","","",""
"","","","","","","","","","","","","","","","","","",""
"","","","","","","","","","","","","","","","","","",""
"","","","","","","","","","","","","","","","","","",""
"","","","","","","","","","","","","","","","","","",""
"","","","","","","","","","","","","","","","","","",""
"","","","","","","","","","","","","","","","","","",""
"","","","","","","","","","","","","","","","","","",""
"","","","","","","","","","","","","","","","","","",""
"","","","","","","","","","","","","","","","","","",""
"","","","","","","","","","","","","","","","","","",""
"","","","","","","","","","","","","","","","","","",""
"","","","","","","","","","","","","","","","","","",""
"","","","","","","","","","","","","","","","","","",""
"","","","","","","","","","","","","","","","","","",""
"","","","","","","","","","","","","","","","","","",""
"","","","","","","","","","","","","","","","","","",""
"","","","","","","","","","","","","","","","","","",""
"","","","","","","","","","","","","","","","","","",""
"","","","","","","","","","","","","","","","","","",""
"","","","","","","","","","","","","","","","","","",""
"","","","","","","","","","","","","","","","","","",""
"","","","","","","","","","","","","","","","","","",""
"","","","","","","","","","","","","","","","","","",""
"","","","","","","","","","","","","","","","","","",""
"","","","","","","","","","","","","","","","","","",""
"","","","","","","","","","","","","","","","","","",""
"","","","","","","","","","","","","","","","","","",""
"","","","","","","","","","","","","","","","","","",""
"","","","","","","","","","","","","","","","","","",""
"","","","","","","","","","","","","","","","","","",""
"","","","","","","","","","","","","","","","","","",""
"","","","","","","","","","","","","","","","","","",""
"","","","","","","","","","","","","","","","","","",""
"","","","","","","","","","","","","","","","","","",""
"","","","","","","","","","","","","","","","","","",""
"","","","","","","","","","","","","","","","","","",""
"","","","","","","","","","","","","","","","","","",""
"","","","","","","","","","","","","","","","","","",""
"","","","","","","","","","","","","","","","","","",""
"","","","","","","","","","","","","","","","","","",""
"","","","","","","","","","","","","","","","","","",""
"","","","","","","","","","","","","","","","","","",""
"","","","","","","","","","","","","","","","","","",""
"","","","","","","","","","","","","","","","","","",""
"","","","","","","","","","","","","","","","","","",""
"","","","","","","","","","","","","","","","","","",""
"","","","","","","","","","","","","","","","","","",""
"","","","","","","","","","","","","","","","","","",""
"","","","","","","","","","","","","","","","","","",""
"","","","","","","","","","","","","","","","","","",""
"","","","","","","","","","","","","","","","","","",""
"","","","","","","","","","","","","","","","","","",""
"","","","","","","","","","","","","","","","","","",""
"","","","","","","","","","","","","","","","","","",""
"","","","","","","","","","","","","","","","","","",""
"","","","","","","","","","","","","","","","","","",""
"","","","","","","","","","","","","","","","","","",""
"","","","","","","","","","","","","","","","","","",""
"","","","","","","","","","","","","","","","","","",""
"","","","","","","","","","","","","","","","","","",""
"","","","","","","","","","","","","","","","","","",""
"","","","","","","","","","","","","","","","","","",""
"","","","","","","","","","","","","","","","","","",""
"","","","","","","","","","","","","","","","","","",""
"","","","","","","","","","","","","","","","","","",""
"","","","","","","","","","","","","","","","","","",""
"","","","","","","","","","","","","","","","","","",""
"","","","","","","","","","","","","","","","","","",""
"","","","","","","","","","","","","","","","","","",""
"","","","","","","","","","","","","","","","","","",""
"","","","","","","","","","","","","","","","","","",""
"","","","","","","","","","","","","","","","","","",""
"","","","","","","","","","","","","","","","","","",""
"","","","","","","","","","","","","","","","","","",""
"","","","","","","","","","","","","","","","","","",""
"","","","","","","","","","","","","","","","","","",""
"","","","","","","","","","","","","","","","","","",""
"","","","","","","","","","","","","","","","","","",""
"","","","","","","","","","","","","","","","","","",""
"","","","","","","","","","","","","","","","","","",""
"","","","","","","","","","","","","","","","","","",""
"","","","","","","","","","","","","","","","","","",""
"","","","","","","","","","","","","","","","","","",""
"","","","","","","","","","","","","","","","","","",""
"","","","","","","","","","","","","","","","","","",""
"","","","","","","","","","","","","","","","","","",""
"","","","","","","","","","","","","","","","","","",""
"","","","","","","","","","","","","","","","","","",""
"","","","","","","","","","","","","","","","","","",""
"","","","","","","","","","","","","","","","","","",""
"","","","","","","","","","","","","","","","","","",""
"","","","","","","","","","","","","","","","","","",""
"","","","","","","","","","","","","","","","","","",""
"","","","","","","","","","","","","","","","","","",""
"","","","","","","","","","","","","","","","","","",""
"","","","","","","","","","","","","","","","","","",""
"","","","","","","","","","","","","","","","","","",""
"","","","","","","","","","","","","","","","","","",""
"","","","","","","","","","","","","","","","","","",""
"","","","","","","","","","","","","","","","","","",""
"","","","","","","","","","","","","","","","","","",""
"","","","","","","","","","","","","","","","","","",""
"","","","","","","","","","","","","","","","","","",""
"","","","","","","","","","","","","","","","","","",""
"","","","","","","","","","","","","","","","","","",""
"","","","","","","","","","","","","","","","","","",""
"","","","","","","","","","","","","","","","","","",""
"","","","","","","","","","","","","","","","","","",""
"","","","","","","","","","","","","","","","","","",""
"","","","","","","","","","","","","","","","","","",""
"","","","","","","","","","","","","","","","","","",""
"","","","","","","","","","","","","","","","","","",""
"","","","","","","","","","","","","","","","","","",""
"","","","","","","","","","","","","","","","","","",""
"","","","","","","","","","","","","","","","","","",""
"","","","","","","","","","","","","","","","","","",""
"","","","","","","","","","","","","","","","","","",""
"","","","","","","","","","","","","","","","","","",""
"","","","","","","","","","","","","","","","","","",""
"","","","","","","","","","","","","","","","","","",""
"","","","","","","","","","","","","","","","","","",""
"","","","","","","","","","","","","","","","","","",""
"","","","","","","","","","","","","","","","","","",""
"","","","","","","","","","","","","","","","","","",""
"","","","","","","","","","","","","","","","","","",""
"","","","","","","","","","","","","","","","","","",""
"","","","","","","","","","","","","","","","","","",""
"","","","","","","","","","","","","","","","","","",""
"","","","","","","","","","","","","","","","","","",""
"","","","","","","","","","","","","","","","","","",""
"","","","","","","","","","","","","","","","","","",""
"","","","","","","","","","","","","","","","","","",""
"","","","","","","","","","","","","","","","","","",""
"","","","","","","","","","","","","","","","","","",""
"","","","","","","","","","","","","","","","","","",""
"","","","","","","","","","","","","","","","","","",""
"","","","","","","","","","","","","","","","","","",""
"","","","","","","","","","","","","","","","","","",""
"","","","","","","","","","","","","","","","","","",""
"","","","","","","","","","","","","","","","","","",""
"","","","","","","","","","","","","","","","","","",""
"","","","","","","","","","","","","","","","","","",""
"","","","","","","","","","","","","","","","","","",""
"","","","","","","","","","","","","","","","","","",""
"","","","","","","","","","","","","","","","","","",""
"","","","","","","","","","","","","","","","","","",""
"","","","","","","","","","","","","","","","","","",""
"","","","","","","","","","","","","","","","","","",""
"","","","","","","","","","","","","","","","","","",""
"","","","","","","","","","","","","","","","","","",""
"","","","","","","","","","","","","","","","","","",""
"","","","","","","","","","","","","","","","","","",""
"","","","","","","","","","","","","","","","","","",""
"","","","","","","","","","","","","","","","","","",""
"","","","","","","","","","","","","","","","","","",""
"","","","","","","","","","","","","","","","","","",""
"","","","","","","","","","","","","","","","","","",""
"","","","","","","","","","","","","","","","","","",""
"","","","","","","","","","","","","","","","","","",""
"","","","","","","","","","","","","","","","","","",""
"","","","","","","","","","","","","","","","","","",""
"","","","","","","","","","","","","","","","","","",""
"","","","","","","","","","","","","","","","","","",""
"","","","","","","","","","","","","","","","","","",""
"","","","","","","","","","","","","","","","","","",""
"","","","","","","","","","","","","","","","","","",""
"","","","","","","","","","","","","","","","","","",""
"","","","","","","","","","","","","","","","","","",""
"","","","","","","","","","","","","","","","","","",""
"","","","","","","","","","","","","","","","","","",""
"","","","","","","","","","","","","","","","","","",""
"","","","","","","","","","","","","","","","","","",""
"","","","","","","","","","","","","","","","","","",""
"","","","","","","","","","","","","","","","","","",""
"","","","","","","","","","","","","","","","","","",""
"","","","","","","","","","","","","","","","","","",""
"","","","","","","","","","","","","","","","","","",""
"","","","","","","","","","","","","","","","","","",""
"","","","","","","","","","","","","","","","","","",""
"","","","","","","","","","","","","","","","","","",""
"","","","","","","","","","","","","","","","","","",""
"","","","","","","","","","","","","","","","","","",""
"","","","","","","","","","","","","","","","","","",""
"","","","","","","","","","","","","","","","","","",""
"","","","","","","","","","","","","","","","","","",""
"","","","","","","","","","","","","","","","","","",""
"","","","","","","","","","","","","","","","","","",""
"","","","","","","","","","","","","","","","","","",""
"","","","","","","","","","","","","","","","","","",""
"","","","","","","","","","","","","","","","","","",""
"","","","","","","","","","","","","","","","","","",""
"","","","","","","","","","","","","","","","","","",""
"","","","","","","","","","","","","","","","","","",""
"","","","","","","","","","","","","","","","","","",""
"","","","","","","","","","","","","","","","","","",""
"","","","","","","","","","","","","","","","","","",""
"","","","","","","","","","","","","","","","","","",""
"","","","","","","","","","","","","","","","","","",""
"","","","","","","","","","","","","","","","","","",""
"","","","","","","","","","","","","","","","","","",""
"","","","","","","","","","","","","","","","","","",""
"","","","","","","","","","","","","","","","","","",""
"","","","","","","","","","","","","","","","","","",""
"","","","","","","","","","","","","","","","","","",""
"","","","","","","","","","","","","","","","","","",""
"","","","","","","","","","","","","","","","","","",""
"","","","","","","","","","","","","","","","","","",""
"","","","","","","","","","","","","","","","","","",""
"","","","","","","","","","","","","","","","","","",""
"","","","","","","","","","","","","","","","","","",""
"","","","","","","","","","","","","","","","","","",""
"","","","","","","","","","","","","","","","","","",""
"","","","","","","","","","","","","","","","","","",""
"","","","","","","","","","","","","","","","","","",""
"","","","","","","","","","","","","","","","","","",""
"","","","","","","","","","","","","","","","","","",""
"","","","","","","","","","","","","","","","","","",""
"","","","","","","","","","","","","","","","","","",""
"","","","","","","","","","","","","","","","","","",""
"","","","","","","","","","","","","","","","","","",""
"","","","","","","","","","","","","","","","","","",""
"","","","","","","","","","","","","","","","","","",""
"","","","","","","","","","","","","","","","","","",""
"","","","","","","","","","","","","","","","","","",""
"","","","","","","","","","","","","","","","","","",""
"","","","","","","","","","","","","","","","","","",""
"","","","","","","","","","","","","","","","","","",""
"","","","","","","","","","","","","","","","","","",""
"","","","","","","","","","","","","","","","","","",""
"","","","","","","","","","","","","","","","","","",""
"","","","","","","","","","","","","","","","","","",""
"","","","","","","","","","","","","","","","","","",""
"","","","","","","","","","","","","","","","","","",""
"","","","","","","","","","","","","","","","","","",""
"","","","","","","","","","","","","","","","","","",""
"","","","","","","","","","","","","","","","","","",""
"","","","","","","","","","","","","","","","","","",""
"","","","","","","","","","","","","","","","","","",""
"","","","","","","","","","","","","","","","","","",""
"","","","","","","","","","","","","","","","","","",""
"","","","","","","","","","","","","","","","","","",""
"","","","","","","","","","","","","","","","","","",""
"","","","","","","","","","","","","","","","","","",""
"","","","","","","","","","","","","","","","","","",""
"","","","","","","","","","","","","","","","","","",""
"","","","","","","","","","","","","","","","","","",""
"","","","","","","","","","","","","","","","","","",""
"","","","","","","","","","","","","","","","","","",""
"","","","","","","","","","","","","","","","","","",""
"","","","","","","","","","","","","","","","","","",""
"","","","","","","","","","","","","","","","","","",""
"","","","","","","","","","","","","","","","","","",""
"","","","","","","","","","","","","","","","","","",""
"","","","","","","","","","","","","","","","","","",""
"","","","","","","","","","","","","","","","","","",""
"","","","","","","","","","","","","","","","","","",""
"","","","","","","","","","","","","","","","","","",""
"","","","","","","","","","","","","","","","","","",""
"","","","","","","","","","","","","","","","","","",""
"","","","","","","","","","","","","","","","","","",""
"","","","","","","","","","","","","","","","","","",""
"","","","","","","","","","","","","","","","","","",""
"","","","","","","","","","","","","","","","","","",""
"","","","","","","","","","","","","","","","","","",""
"","","","","","","","","","","","","","","","","","",""
"","","","","","","","","","","","","","","","","","",""
"","","","","","","","","","","","","","","","","","",""
"","","","","","","","","","","","","","","","","","",""
"","","","","","","","","","","","","","","","","","",""
"","","","","","","","","","","","","","","","","","",""
"","","","","","","","","","","","","","","","","","",""
"","","","","","","","","","","","","","","","","","",""
"","","","","","","","","","","","","","","","","","",""
"","","","","","","","","","","","","","","","","","",""
"","","","","","","","","","","","","","","","","","",""
"","","","","","","","","","","","","","","","","","",""
"","","","","","","","","","","","","","","","","","",""
"","","","","","","","","","","","","","","","","","",""
"","","","","","","","","","","","","","","","","","",""
"","","","","","","","","","","","","","","","","","",""
"","","","","","","","","","","","","","","","","","",""
"","","","","","","","","","","","","","","","","","",""
"","","","","","","","","","","","","","","","","","",""
"","","","","","","","","","","","","","","","","","",""
"","","","","","","","","","","","","","","","","","",""
"","","","","","","","","","","","","","","","","","",""
"","","","","","","","","","","","","","","","","","",""
"","","","","","","","","","","","","","","","","","",""
"","","","","","","","","","","","","","","","","","",""
"","","","","","","","","","","","","","","","","","",""
"","","","","","","","","","","","","","","","","","",""
"","","","","","","","","","","","","","","","","","",""
"","","","","","","","","","","","","","","","","","",""
"","","","","","","","","","","","","","","","","","",""
"","","","","","","","","","","","","","","","","","",""
"","","","","","","","","","","","","","","","","","",""
"","","","","","","","","","","","","","","","","","",""
"","","","","","","","","","","","","","","","","","",""
"","","","","","","","","","","","","","","","","","",""
"","","","","","","","","","","","","","","","","","",""
"","","","","","","","","","","","","","","","","","",""
"","","","","","","","","","","","","","","","","","",""
"","","","","","","","","","","","","","","","","","",""
"","","","","","","","","","","","","","","","","","",""
"","","","","","","","","","","","","","","","","","",""
"","","","","","","","","","","","","","","","","","",""
"","","","","","","","","","","","","","","","","","",""
"","","","","","","","","","","","","","","","","","",""
"","","","","","","","","","","","","","","","","","",""
"","","","","","","","","","","","","","","","","","",""
"","","","","","","","","","","","","","","","","","",""
"","","","","","","","","","","","","","","","","","",""
"","","","","","","","","","","","","","","","","","",""
"","","","","","","","","","","","","","","","","","",""
"","","","","","","","","","","","","","","","","","",""
"","","","","","","","","","","","","","","","","","",""
"","","","","","","","","","","","","","","","","","",""
"","","","","","","","","","","","","","","","","","",""
"","","","","","","","","","","","","","","","","","",""
"","","","","","","","","","","","","","","","","","",""
"","","","","","","","","","","","","","","","","","",""
"","","","","","","","","","","","","","","","","","",""
"","","","","","","","","","","","","","","","","","",""
"","","","","","","","","","","","","","","","","","",""
"","","","","","","","","","","","","","","","","","",""
"","","","","","","","","","","","","","","","","","",""
"","","","","","","","","","","","","","","","","","",""
"","","","","","","","","","","","","","","","","","",""
"","","","","","","","","","","","","","","","","","",""
"","","","","","","","","","","","","","","","","","",""
"","","","","","","","","","","","","","","","","","",""
"","","","","","","","","","","","","","","","","","",""
"","","","","","","","","","","","","","","","","","",""
"","","","","","","","","","","","","","","","","","",""
"","","","","","","","","","","","","","","","","","",""
"","","","","","","","","","","","","","","","","","",""
"","","","","","","","","","","","","","","","","","",""
"","","","","","","","","","","","","","","","","","",""
"","","","","","","","","","","","","","","","","","",""
"","","","","","","","","","","","","","","","","","",""
"","","","","","","","","","","","","","","","","","",""
"","","","","","","","","","","","","","","","","","",""
"","","","","","","","","","","","","","","","","","",""
"","","","","","","","","","","","","","","","","","",""
"","","","","","","","","","","","","","","","","","",""
"","","","","","","","","","","","","","","","","","",""
