"HADAPSAR - MUNDHWA","","","","","","","",""
"","","","","","","0","",""
"Ward No.","Year","Sr. No.","Details of the work","Amount","Expense Code","Issue Status","Original Comment","Resolution Comment"
"23A","20-21","1","Electrification/new street lights","197,507.00","Electrification","","",""
"23C","20-21","2","Electrification/new street lights","197,478.17","Electrification","","",""
"26C","20-21","3","Electrification/new street lights","197,014.68","Electrification","","",""
"23C","20-21","4","Pavement Blocks / Grouting / Laying tiles","101,393.33","Pavement blocks","","",""
"23A","20-21","5","Drainage works","120,297.36","Drainage","","",""
"26D","20-21","6","Pavement Blocks / Grouting / Laying tiles","122,589.39","Pavement blocks","","",""
"26D","20-21","7","Concretization","185,795.54","Concretization","","",""
"26D","20-21","8","Drainage works","198,852.69","Drainage","","",""
"26D","20-21","9","Drainage works","199,248.33","Drainage","","",""
"22C","20-21","10","Electrification/new street lights","196,924.87","Electrification","","",""
"22C","20-21","11","Electrification/new street lights","196,924.87","Electrification","","",""
"23A","20-21","12","Electrification/new street lights","197,817.46","Electrification","","",""
"23B","20-21","13","Electrification/new street lights","197,369.50","Electrification","","",""
"23B","20-21","14","Electrification/new street lights","197,411.64","Electrification","","",""
"23D","20-21","15","Electrification/new street lights","121,426.00","Electrification","","",""
"26B","20-21","16","Electrification/new street lights","197,340.00","Electrification","","",""
"26B","20-21","17","Electrification/new street lights","174,199.78","Electrification","","",""
"26B","20-21","18","Electrification/new street lights","174,656.61","Electrification","","",""
"26C","20-21","19","Electrification/new street lights","197,869.38","Electrification","","",""
"26C","20-21","20","Electrification/new street lights","197,198.75","Electrification","","",""
"22A","20-21","21","Drainage works","115,618.15","Drainage","","",""
"22A","20-21","22","Drainage works","115,618.15","Drainage","","",""
"22A","20-21","23","Samaj Mandir / Schools / Virangula Kendra / Any Building Related Work / Renovation / Temple Shed","115,767.30","Buildings","","",""
"22A","20-21","24","Building toilets / maintenance etc.","115,737.86","Toilet","","",""
"22A","20-21","25","Concretization","116,055.71","Concretization","","",""
"22A","20-21","26","Electrification/new street lights","198,016.77","Electrification","","",""
"22A","20-21","27","Market related works","150,744.70","Markets /Mandi","","",""
"23B","20-21","28","Electrification/new street lights","198,993.93","Electrification","","",""
"22A","20-21","29","Samaj Mandir / Schools / Virangula Kendra / Any Building Related Work / Renovation / Temple Shed","115,742.64","Buildings","","",""
"22A","20-21","30","Pavement Blocks / Grouting / Laying tiles","115,500.00","Pavement blocks","","",""
"26C","20-21","31","Market related works","122,336.59","Markets /Mandi","","",""
"26C","20-21","32","Road Construction / Colouring Roads / Railing Work / Speed Breaker
","144,536.37","Road","","",""
"22B","20-21","33","Electrification/new street lights","197,785.31","Electrification","","",""
"22B","20-21","34","Electrification/new street lights","179,863.40","Electrification","","",""
"22D","20-21","35","Electrification/new street lights","197,478.17","Electrification","","",""
"26B","20-21","36","Electrification/new street lights","173,489.04","Electrification","","",""
"26B","20-21","37","Electrification/new street lights","197,420.51","Electrification","","",""
"22D","20-21","38","Electrification/new street lights","197,403.88","Electrification","","",""
"22D","20-21","39","Electrification/new street lights","197,198.75","Electrification","","",""
"22D","20-21","40","Electrification/new street lights","197,403.88","Electrification","","",""
"23B","20-21","41","Drainage works","116,160.68","Drainage","","",""
"23B","20-21","42","Pavement Blocks / Grouting / Laying tiles","116,150.46","Pavement blocks","","",""
"23B","20-21","43","Drainage works","116,200.46","Drainage","","",""
"26C","20-21","44","Drainage works","128,182.72","Drainage","","",""
"26C","20-21","45","Drainage works","124,463.51","Drainage","","",""
"42A","20-21","46","Bags","200,000.00","Bags","","",""
"42A","20-21","47","Bags","200,000.00","Bags","","",""
"42A","20-21","48","Bags","200,000.00","Bags","","",""
"22D","20-21","49","Pavement Blocks / Grouting / Laying tiles","121,058.72","Pavement blocks","","",""
"26A","20-21","50","Drainage works","113,614.01","Drainage","","",""
"26A","20-21","51","Concretization","87,679.99","Concretization","","",""
"26A","20-21","52","Electrification/new street lights","117,694.58","Electrification","","",""
"23A","20-21","53","Concretization","179,508.00","Concretization","","",""
"22C","20-21","54","Concretization","138,791.28","Concretization","","",""
"22C","20-21","55","Pavement Blocks / Grouting / Laying tiles","140,245.95","Pavement blocks","","",""
"22C","20-21","56","Concretization","14,136.10","Concretization","","",""
"22D","20-21","57","Samaj Mandir / Schools / Virangula Kendra / Any Building Related Work / Renovation / Temple Shed","147,292.28","Buildings","","",""
"22D","20-21","58","Drainage works","133,944.15","Drainage","","",""
"22D","20-21","59","Concretization","137,317.35","Concretization","","",""
"42A","20-21","60","Drainage works","179,575.75","Drainage","","",""
"42A","20-21","61","Miscelleneous Development work","197,823.03","Development work","","",""
"42A","20-21","62","Drainage works","197,431.51","Drainage","","",""
"42A","20-21","63","Drainage works","197,813.93","Drainage","","",""
"42A","20-21","64","Drainage works","197,823.30","Drainage","","",""
"42A","20-21","65","Drainage works","197,619.65","Drainage","","",""
"22A","20-21","66","Drainage works","145,312.73","Drainage","","",""
"22C","20-21","67","Pavement Blocks / Grouting / Laying tiles","147,653.03","Pavement blocks","","",""
"22C","20-21","68","Drainage works","179,184.00","Drainage","","",""
"22B","20-21","69","Electrification/new street lights","197,550.00","Electrification","","",""
"26D","20-21","70","Drainage works","122,252.00","Drainage","","",""
"23A","20-21","71","Pavement Blocks / Grouting / Laying tiles","140,998.00","Pavement blocks","","",""
"23A","20-21","72","Pavement Blocks / Grouting / Laying tiles","140,312.00","Pavement blocks","","",""
"23A","20-21","73","Drainage works","100,037.28","Drainage","","",""
"26A","20-21","74","Concretization","107,506.22","Concretization","","",""
"23C","20-21","75","Drainage works","199,806.14","Drainage","","",""
"23C","20-21","76","Drainage works","199,899.15","Drainage","","",""
"23C","20-21","77","Drainage works","199,894.17","Drainage","","",""
"23B","20-21","78","Disaster Relief Work / Contribution to PM Cares etc","200,000.00","Help / Fund / Relief Work","","",""
"26B","20-21","79","Disaster Relief Work / Contribution to PM Cares etc","143,530.00","Help / Fund / Relief Work","","",""
"22B","20-21","80","Drainage works","196,425.60","Drainage","","",""
"22A","20-21","81","Mainetnance and cleaning works","199,983.00","Cleaning","","",""
"22A","20-21","82","Disaster Relief Work / Contribution to PM Cares etc","645,923.87","Help / Fund / Relief Work","","",""
"23D","20-21","83","Samaj Mandir / Schools / Virangula Kendra / Any Building Related Work / Renovation / Temple Shed","158,659.57","Buildings","","",""
"23D","20-21","84","Building toilets / maintenance etc.","99,981.00","Toilet","","",""
"23D","20-21","85","Building toilets / maintenance etc.","199,962.00","Toilet","","",""
"23D","20-21","86","Disaster Relief Work / Contribution to PM Cares etc","200,000.00","Help / Fund / Relief Work","","",""
"26B","20-21","87","Disaster Relief Work / Contribution to PM Cares etc","199,956.34","Help / Fund / Relief Work","","",""
"26B","20-21","88","Disaster Relief Work / Contribution to PM Cares etc","199,956.34","Help / Fund / Relief Work","","",""
"42B","20-21","89","Disaster Relief Work / Contribution to PM Cares etc","100,000.00","Help / Fund / Relief Work","","",""
"23C","20-21","90","Disaster Relief Work / Contribution to PM Cares etc","200,000.00","Help / Fund / Relief Work","","",""
"42A","20-21","91","Disaster Relief Work / Contribution to PM Cares etc","100,000.00","Help / Fund / Relief Work","","",""
"22B","20-21","92","Drainage works","197,932.76","Drainage","","",""
"23A","20-21","93","Disaster Relief Work / Contribution to PM Cares etc","200,000.00","Help / Fund / Relief Work","","",""
"26A","20-21","94","Disaster Relief Work / Contribution to PM Cares etc","200,000.00","Help / Fund / Relief Work","","",""
"26A","20-21","95","Disaster Relief Work / Contribution to PM Cares etc","200,000.00","Help / Fund / Relief Work","","",""
"23A","20-21","96","Drainage works","199,898.40","Drainage","","",""
"23C","20-21","97","Drainage works","199,775.52","Drainage","","",""
"23C","20-21","98","Drainage works","199,899.15","Drainage","","",""
"23C","20-21","99","Drainage works","199,894.10","Drainage","","",""
"23C","20-21","100","Drainage works","199,806.10","Drainage","","",""
"23C","20-21","101","Pavement Blocks / Grouting / Laying tiles","199,275.28","Pavement blocks","","",""
"23B","20-21","102","Drainage works","199,740.92","Drainage","","",""
"23B","20-21","103","Drainage works","199,740.92","Drainage","","",""
"23D","20-21","104","Drainage works","95,305.62","Drainage","","",""
"22D","19-20","1","Electrification/new street lights","174,278.98","Electrification","","",""
"26A","19-20","2","Electrification/new street lights","172,077.33","Electrification","","",""
"26B","19-20","3","Electrification/new street lights","197,339.81","Electrification","","",""
"26C","19-20","4","Installation of Nameplates / Direction Boards / Sign Boards / Message Boards / Slogans Painting","155,050.06","Nameplates","","",""
"26C","19-20","5","Installation of Nameplates / Direction Boards / Sign Boards / Message Boards / Slogans Painting","155,050.06","Nameplates","","",""
"26B","19-20","6","Electrification/new street lights","173,077.44","Electrification","","",""
"22C","19-20","7","Electrification/new street lights","173,077.04","Electrification","","",""
"22C","19-20","8","Electrification/new street lights","126,097.33","Electrification","","",""
"22D","19-20","9","Electrification/new street lights","195,988.18","Electrification","","",""
"22D","19-20","10","Electrification/new street lights","123,541.43","Electrification","","",""
"23B","19-20","11","Electrification/new street lights","196,013.68","Electrification","","",""
"23C","19-20","12","Electrification/new street lights","195,838.49","Electrification","","",""
"26A","19-20","13","Electrification/new street lights","180,542.00","Electrification","","",""
"26B","19-20","14","Electrification/new street lights","111,853.07","Electrification","","",""
"22B","19-20","15","Electrification/new street lights","122,653.90","Electrification","","",""
"23A","19-20","16","Electrification/new street lights","123,506.00","Electrification","","",""
"23B","19-20","17","Electrification/new street lights","196,387.35","Electrification","","",""
"23B","19-20","18","Electrification/new street lights","197,153.53","Electrification","","",""
"23C","19-20","19","Electrification/new street lights","197,216.73","Electrification","","",""
"23C","19-20","20","Electrification/new street lights","197,000.52","Electrification","","",""
"22B","19-20","21","Samaj Mandir / Schools / Virangula Kendra / Any Building Related Work / Renovation / Temple Shed","152,978.64","Buildings","","",""
"23C","19-20","22","Miscelleneous Development work","199,455.22","Development work","","",""
"26A","19-20","23","Pavement Blocks / Grouting / Laying tiles","166,738.06","Pavement blocks","","",""
"26A","19-20","24","Pavement Blocks / Grouting / Laying tiles","119,529.89","Pavement blocks","","",""
"26D","19-20","25","Drainage works","192,359.92","Drainage","","",""
"26D","19-20","26","Pavement Blocks / Grouting / Laying tiles","173,894.73","Pavement blocks","","",""
"26D","19-20","27","Pavement Blocks / Grouting / Laying tiles","173,260.50","Pavement blocks","","",""
"26D","19-20","28","Concretization","178,272.57","Concretization","","",""
"22A","19-20","29","Electrification/new street lights","190,258.31","Electrification","","",""
"23C","19-20","30","Electrification/new street lights","132,190.29","Electrification","","",""
"23C","19-20","31","Electrification/new street lights","132,813.09","Electrification","","",""
"23C","19-20","32","Electrification/new street lights","197,526.86","Electrification","","",""
"26A","19-20","33","Electrification/new street lights","197,757.75","Electrification","","",""
"22C","19-20","34","Gym / gym equipments","175,024.73","Gym","","",""
"22C","19-20","35","Fencing / walls / gates","153,673.69","Fencing","","",""
"22D","19-20","36","Garden / playground works","159,830.38","Garden","","",""
"22D","19-20","37","Building toilets / maintenance etc.","175,284.52","Toilet","","",""
"22D","19-20","38","Samaj Mandir / Schools / Virangula Kendra / Any Building Related Work / Renovation / Temple Shed","175,292.88","Buildings","","",""
"22D","19-20","39","Garden / playground works","191,307.13","Garden","","",""
"22D","19-20","40","Samaj Mandir / Schools / Virangula Kendra / Any Building Related Work / Renovation / Temple Shed","197,194.50","Buildings","","",""
"22D","19-20","41","Samaj Mandir / Schools / Virangula Kendra / Any Building Related Work / Renovation / Temple Shed","87,232.29","Buildings","","",""
"22B","19-20","42","Electrification/new street lights","143,180.00","Electrification","","",""
"23A","19-20","43","Drainage works","161,799.81","Drainage","","",""
"23A","19-20","44","Concretization","127,870.55","Concretization","","",""
"23A","19-20","45","Concretization","122,571.64","Concretization","","",""
"26A","19-20","46","Electrification/new street lights","87,896.07","Electrification","","",""
"23B","19-20","47","Fencing / walls / gates","169989.12","Fencing","","",""
"23B","19-20","48","Samaj Mandir / Schools / Virangula Kendra / Any Building Related Work / Renovation / Temple Shed","84,857.44","Buildings","","",""
"26B","19-20","49","Drainage works","298,511.52","Drainage","","",""
"26B","19-20","50","Drainage works","137,411.52","Drainage","","",""
"22A","19-20","51","Pavement Blocks / Grouting / Laying tiles","128,632.99","Pavement blocks","","",""
"22B","19-20","52","Samaj Mandir / Schools / Virangula Kendra / Any Building Related Work / Renovation / Temple Shed","139,159.56","Buildings","","",""
"22B","19-20","53","Drainage works","135,020.98","Drainage","","",""
"22B","19-20","54","Installation of Nameplates / Direction Boards / Sign Boards / Message Boards / Slogans Painting","137,384.74","Nameplates","","",""
"26C","19-20","55","Electrification/new street lights","114,775.09","Electrification","","",""
"26D","19-20","56","Concretization","173,494.33","Concretization","","",""
"26D","19-20","57","Drainage works","174,053.40","Drainage","","",""
"22C","19-20","58","Samaj Mandir / Schools / Virangula Kendra / Any Building Related Work / Renovation / Temple Shed","170,868.01","Buildings","","",""
"23C","19-20","59","Electrification/new street lights","98,155.29","Electrification","","",""
"26C","19-20","60","Installation of Nameplates / Direction Boards / Sign Boards / Message Boards / Slogans Painting","98,748.94","Nameplates","","",""
"23B","19-20","61","Electrification/new street lights","98,833.89","Electrification","","",""
"23A","19-20","62","Drainage works","146,967.34","Drainage","","",""
"23C","19-20","63","Electrification/new street lights","98,324.94","Electrification","","",""
"22B","19-20","64","Electrification/new street lights","98,649.82","Electrification","","",""
"26B","19-20","65","Installation of Nameplates / Direction Boards / Sign Boards / Message Boards / Slogans Painting","197,763.07","Nameplates","","",""
"23D","19-20","66","Installation of Nameplates / Direction Boards / Sign Boards / Message Boards / Slogans Painting","197,896.41","Nameplates","","",""
"23D","19-20","67","Installation of Nameplates / Direction Boards / Sign Boards / Message Boards / Slogans Painting","197,896.41","Nameplates","","",""
"26D","19-20","68","Electrification/new street lights","98,323.95","Electrification","","",""
"26D","19-20","69","Concretization","187,254.25","Concretization","","",""
"23A","18-19","1","Electrification/new street lights","124,930.03","Electrification","","",""
"23A","18-19","2","Electrification/new street lights","125,068.72","Electrification","","",""
"23A","18-19","3","Gym / gym equipments","76,678.52","Gym","","",""
"23A","18-19","4","Mainetnance and cleaning works","142,117.78","Cleaning","","",""
"23A","18-19","5","Drainage works","129,517.02","Drainage","","",""
"23A","18-19","6","Electrification/new street lights","141,000.37","Electrification","","",""
"22B","18-19","7","Steel bollards/poles","135,927.81","Steel Bollards","","",""
"22B","18-19","8","Installation of Nameplates / Direction Boards / Sign Boards / Message Boards / Slogans Painting","141,771.86","Nameplates","","",""
"22B","18-19","9","Electrification/new street lights","139,307.58","Electrification","","",""
"22B","18-19","10","Electrification/new street lights","197,882.01","Electrification","","",""
"22C","18-19","11","Electrification/new street lights","175,596.13","Electrification","","",""
"22C","18-19","12","Electrification/new street lights","125,214.38","Electrification","","",""
"22C","18-19","13","Pavement Blocks / Grouting / Laying tiles","148,554.72","Pavement blocks","","",""
"22D","18-19","14","Electrification/new street lights","131,295.25","Electrification","","",""
"22D","18-19","15","Electrification/new street lights","127,923.73","Electrification","","",""
"22D","18-19","16","Electrification/new street lights","124,668.96","Electrification","","",""
"22D","18-19","17","Benches","197,558.40","Benches","","",""
"22D","18-19","18","Details of the work","151,974.14","Development work","","",""
"23A","18-19","19","Electrification/new street lights","113,304.34","Electrification","","",""
"23A","18-19","20","Electrification/new street lights","126,715.92","Electrification","","",""
"23C","18-19","21","Miscelleneous Development work","197,358.59","Development work","","",""
"23B","18-19","22","Decoration (सुशोभीकरण in marathi)","189,779.30","Decoration","","",""
"23B","18-19","23","Decoration (सुशोभीकरण in marathi)","189,779.30","Decoration","","",""
"23B","18-19","24","Electrification/new street lights","197,593.72","Electrification","","",""
"23B","18-19","25","Electrification/new street lights","196,318.60","Electrification","","",""
"23B","18-19","26","Electrification/new street lights","196,694.45","Electrification","","",""
"23C","18-19","27","Electrification/new street lights","141,875.63","Electrification","","",""
"23C","18-19","28","Electrification/new street lights","197,400.79","Electrification","","",""
"23C","18-19","29","Electrification/new street lights","124,139.76","Electrification","","",""
"23A","18-19","30","Benches","151,800.61","Benches","","",""
"23A","18-19","31","Electrification/new street lights","98,771.91","Electrification","","",""
"23A","18-19","32","Electrification/new street lights","196,875.22","Electrification","","",""
"23D","18-19","33","Electrification/new street lights","128,972.50","Electrification","","",""
"23D","18-19","34","Electrification/new street lights","124,656.96","Electrification","","",""
"23D","18-19","35","Electrification/new street lights","125,649.74","Electrification","","",""
"23D","18-19","36","Mainetnance and cleaning works","179,935.30","Cleaning","","",""
"23D","18-19","37","Electrification/new street lights","188,045.71","Electrification","","",""
"26B","18-19","38","Electrification/new street lights","123,038.31","Electrification","","",""
"26B","18-19","39","Electrification/new street lights","197,236.69","Electrification","","",""
"26C","18-19","40","Installation of Nameplates / Direction Boards / Sign Boards / Message Boards / Slogans Painting","134,800.93","Nameplates","","",""
"26C","18-19","41","Installation of Nameplates / Direction Boards / Sign Boards / Message Boards / Slogans Painting","134,800.93","Nameplates","","",""
"26C","18-19","42","Electrification/new street lights","169,334.84","Electrification","","",""
"26C","18-19","43","Electrification/new street lights","177,957.98","Electrification","","",""
"26C","18-19","44","Electrification/new street lights","98,343.92","Electrification","","",""
"26D","18-19","45","Electrification/new street lights","97,735.19","Electrification","","",""
"26D","18-19","46","Benches","181,962.23","Benches","","",""
"26D","18-19","47","Installation of Nameplates / Direction Boards / Sign Boards / Message Boards / Slogans Painting","196,038.38","Nameplates","","",""
"26D","18-19","48","Benches","181,962.23","Benches","","",""
"26D","18-19","49","Decoration (सुशोभीकरण in marathi)","202,866.90","Decoration","","",""
"26D","18-19","50","Miscelleneous Development work","197,160.89","Development work","","",""
"26D","18-19","51","Samaj Mandir / Schools / Virangula Kendra / Any Building Related Work / Renovation / Temple Shed","197,409.17","Buildings","","",""
"26D","18-19","52","Samaj Mandir / Schools / Virangula Kendra / Any Building Related Work / Renovation / Temple Shed","195,627.45","Buildings","","",""
"23B","17-18","1","Colouring works","199,180.82","Colouring","","",""
"23B","17-18","2","Decoration (सुशोभीकरण in marathi)","199,440.19","Decoration","","",""
"26A","17-18","3","Drainage works","199,738.81","Drainage","","",""
"26B","17-18","4","Drainage works","198,447.85","Drainage","","",""
"26D","17-18","5","Drainage works","113,592.71","Drainage","","",""
"22A","17-18","6","Fencing / walls / gates","65,039.49","Fencing","","",""
"22A","17-18","7","Fencing / walls / gates","137,020.73","Fencing","","",""
"22A","17-18","8","Installation of Nameplates / Direction Boards / Sign Boards / Message Boards / Slogans Painting","70,446.80","Nameplates","","",""
"22B","17-18","9","Installation of Nameplates / Direction Boards / Sign Boards / Message Boards / Slogans Painting","142,672.39","Nameplates","","",""
"22A","17-18","10","Samaj Mandir / Schools / Virangula Kendra / Any Building Related Work / Renovation / Temple Shed","130,999.16","Buildings","","",""
"22A","17-18","11","Water pipelines, repairing etc.","126,652.35","Water supply","","",""
"22D","17-18","12","Samaj Mandir / Schools / Virangula Kendra / Any Building Related Work / Renovation / Temple Shed","154,990.76","Buildings","","",""
"26A","17-18","13","Benches","147,601.67","Benches","","",""
"26A","17-18","14","Benches","143,383.34","Benches","","",""
"26B","17-18","15","Pavement Blocks / Grouting / Laying tiles","68,415.11","Pavement blocks","","",""
"26B","17-18","16","Pavement Blocks / Grouting / Laying tiles","127,530.77","Pavement blocks","","",""
"26C","17-18","17","Installation of Nameplates / Direction Boards / Sign Boards / Message Boards / Slogans Painting","133,224.65","Nameplates","","",""
"26C","17-18","18","Installation of Nameplates / Direction Boards / Sign Boards / Message Boards / Slogans Painting","133,211.32","Nameplates","","",""
"26C","17-18","19","Installation of Nameplates / Direction Boards / Sign Boards / Message Boards / Slogans Painting","135,889.18","Nameplates","","",""
"26D","17-18","20","Installation of Nameplates / Direction Boards / Sign Boards / Message Boards / Slogans Painting","143,021.92","Nameplates","","",""
"26D","17-18","21","Benches","143,303.34","Benches","","",""
"26D","17-18","22","Benches","172,658.68","Benches","","",""
"23D","17-18","23","Benches","147,641.66","Benches","","",""
"23B","17-18","24","Installation of Nameplates / Direction Boards / Sign Boards / Message Boards / Slogans Painting","149,877.75","Nameplates","","",""
"23C","17-18","25","Installation of Nameplates / Direction Boards / Sign Boards / Message Boards / Slogans Painting","157,871.23","Nameplates","","",""
"23C","17-18","26","Pavement Blocks / Grouting / Laying tiles","125,626.27","Pavement blocks","","",""
"23C","17-18","27","Concretization","125,561.28","Concretization","","",""
"23C","17-18","28","Concretization","125,523.03","Concretization","","",""
"23C","17-18","29","Drainage works","142,567.88","Drainage","","",""
"26B","17-18","30","Electrification/new street lights","71,679.49","Electrification","","",""
"26B","17-18","31","Electrification/new street lights","135,033.74","Electrification","","",""
"23D","17-18","32","Installation of Nameplates / Direction Boards / Sign Boards / Message Boards / Slogans Painting","126,837.33","Nameplates","","",""
"23D","17-18","33","Benches","107,707.30","Benches","","",""
"23A","17-18","34","Benches","92,787.76","Buildings","","",""
"22D","17-18","35","Benches","158,616.93","Benches","","",""
"22D","17-18","36","Benches","158,616.93","Benches","","",""
"22D","17-18","37","Benches","161,477.40","Benches","","",""
"22D","17-18","38","Benches","124,520.90","Benches","","",""
"22D","17-18","39","Benches","124,520.90","Benches","","",""
"22D","17-18","40","Benches","146,697.95","Benches","","",""
"22D","17-18","41","Benches","160,848.32","Benches","","",""
"22C","17-18","42","Benches","142,989.99","Benches","","",""
"22C","17-18","43","Benches","142,989.99","Benches","","",""
"22C","17-18","44","Benches","142,989.99","Benches","","",""
"23B","17-18","45","Road Construction / Colouring Roads / Railing Work / Speed Breaker","198,800.00","Road","","",""
"23C","17-18","46","Benches","142,879.91","Benches","","",""
"23C","17-18","47","Benches","140,426.14","Benches","","",""
"26C","17-18","48","Benches","142,989.99","Benches","","",""
"26C","17-18","49","Benches","142,989.99","Benches","","",""
"22B","17-18","50","Installation of Nameplates / Direction Boards / Sign Boards / Message Boards / Slogans Painting","140,906.94","Nameplates","","",""
"22D","17-18","51","Garden / playground works","146,751.42","Garden","","",""
"22C","17-18","52","Drainage works","189,867.00","Drainage","","",""
"22C","17-18","53","Drainage works","187,868.40","Drainage","","",""
"26B","17-18","54","Electrification/new street lights","187,373.12","Electrification","","",""
"26B","17-18","55","Electrification/new street lights","187,709.15","Electrification","","",""
"23B","17-18","56","Electrification/new street lights","200,000.00","Electrification","","",""
"26B","17-18","57","Electrification/new street lights","134,887.90","Electrification","","",""
"23A","17-18","58","Fencing / walls / gates","83,861.66","Fencing","","",""
"23A","17-18","59","Fencing / walls / gates","90,243.09","Fencing","","",""
"23A","17-18","60","Pavement Blocks / Grouting / Laying tiles","151,811.67","Pavement blocks","","",""
"26B","17-18","61","Installation of Nameplates / Direction Boards / Sign Boards / Message Boards / Slogans Painting","114,626.82","Nameplates","","",""
"22C","17-18","62","Drainage works","125,978.78","Drainage","","",""
"23D","17-18","63","Pavement Blocks / Grouting / Laying tiles","135,754.73","Pavement blocks","","",""
"23D","17-18","64","Mainetnance and cleaning works","71,630.19","Cleaning","","",""
"22A","17-18","65","Benches","130,053.52","Benches","","",""
"22A","17-18","66","Benches","130,053.52","Benches","","",""
"22B","17-18","67","Steel bollards/poles","150,546.00","Steel Bollards","","",""
"23B","17-18","68","Drainage works","146,362.10","Drainage","","",""
"23B","17-18","69","Drainage works","138,272.68","Drainage","","",""
"26A","17-18","70","Building toilets / maintenance etc.","63,500.95","Toilet","","",""
"23B","17-18","71","Benches","197,130.07","Benches","","",""
"26B","17-18","72","Samaj Mandir / Schools / Virangula Kendra / Any Building Related Work / Renovation / Temple Shed","151,096.84","Buildings","","",""
"26A","17-18","73","Samaj Mandir / Schools / Virangula Kendra / Any Building Related Work / Renovation / Temple Shed","150,242.72","Buildings","","",""
"26A","17-18","74","Jute bags/ cloth/ canvas bags etc.","200,000.00","Bags","","",""
"26A","17-18","75","Jute bags/ cloth/ canvas bags etc.","200,000.00","Bags","","",""
"26C","17-18","76","Jute bags/ cloth/ canvas bags etc.","200,000.00","Bags","","",""
"26C","17-18","77","Jute bags/ cloth/ canvas bags etc.","200,000.00","Bags","","",""
"26C","17-18","78","Jute bags/ cloth/ canvas bags etc.","100,000.00","Bags","","",""
"23D","17-18","79","Jute bags/ cloth/ canvas bags etc.","100,000.00","Bags","","",""
"","","","","","","","",""
"","","","","","","","",""
"","","","","","","","",""
"","","","","","","","",""
"","","","","","","","",""
"","","","","","","","",""
"","","","","","","","",""
"","","","","","","","",""
"","","","","","","","",""
"","","","","","","","",""
"","","","","","","","",""
"","","","","","","","",""
"","","","","","","","",""
"","","","","","","","",""
"","","","","","","","",""
"","","","","","","","",""
"","","","","","","","",""
"","","","","","","","",""
"","","","","","","","",""
"","","","","","","","",""
"","","","","","","","",""
"","","","","","","","",""
"","","","","","","","",""
"","","","","","","","",""
"","","","","","","","",""
"","","","","","","","",""
"","","","","","","","",""
"","","","","","","","",""
"","","","","","","","",""
"","","","","","","","",""
"","","","","","","","",""
"","","","","","","","",""
"","","","","","","","",""
"","","","","","","","",""
"","","","","","","","",""
"","","","","","","","",""
"","","","","","","","",""
"","","","","","","","",""
"","","","","","","","",""
"","","","","","","","",""
"","","","","","","","",""
"","","","","","","","",""
"","","","","","","","",""
"","","","","","","","",""
"","","","","","","","",""
"","","","","","","","",""
"","","","","","","","",""
"","","","","","","","",""
"","","","","","","","",""
"","","","","","","","",""
"","","","","","","","",""
"","","","","","","","",""
"","","","","","","","",""
"","","","","","","","",""
"","","","","","","","",""
"","","","","","","","",""
"","","","","","","","",""
"","","","","","","","",""
"","","","","","","","",""
"","","","","","","","",""
"","","","","","","","",""
"","","","","","","","",""
"","","","","","","","",""
"","","","","","","","",""
"","","","","","","","",""
"","","","","","","","",""
"","","","","","","","",""
"","","","","","","","",""
"","","","","","","","",""
"","","","","","","","",""
"","","","","","","","",""
"","","","","","","","",""
"","","","","","","","",""
"","","","","","","","",""
"","","","","","","","",""
"","","","","","","","",""
"","","","","","","","",""
"","","","","","","","",""
"","","","","","","","",""
"","","","","","","","",""
"","","","","","","","",""
"","","","","","","","",""
"","","","","","","","",""
"","","","","","","","",""
"","","","","","","","",""
"","","","","","","","",""
"","","","","","","","",""
"","","","","","","","",""
"","","","","","","","",""
"","","","","","","","",""
"","","","","","","","",""
"","","","","","","","",""
"","","","","","","","",""
"","","","","","","","",""
"","","","","","","","",""
"","","","","","","","",""
"","","","","","","","",""
"","","","","","","","",""
"","","","","","","","",""
"","","","","","","","",""
"","","","","","","","",""
"","","","","","","","",""
"","","","","","","","",""
"","","","","","","","",""
"","","","","","","","",""
"","","","","","","","",""
"","","","","","","","",""
"","","","","","","","",""
"","","","","","","","",""
"","","","","","","","",""
"","","","","","","","",""
"","","","","","","","",""
"","","","","","","","",""
"","","","","","","","",""
"","","","","","","","",""
"","","","","","","","",""
"","","","","","","","",""
"","","","","","","","",""
"","","","","","","","",""
"","","","","","","","",""
"","","","","","","","",""
"","","","","","","","",""
"","","","","","","","",""
"","","","","","","","",""
"","","","","","","","",""
"","","","","","","","",""
"","","","","","","","",""
"","","","","","","","",""
"","","","","","","","",""
"","","","","","","","",""
"","","","","","","","",""
"","","","","","","","",""
"","","","","","","","",""
"","","","","","","","",""
"","","","","","","","",""
"","","","","","","","",""
"","","","","","","","",""
"","","","","","","","",""
"","","","","","","","",""
"","","","","","","","",""
"","","","","","","","",""
"","","","","","","","",""
"","","","","","","","",""
"","","","","","","","",""
"","","","","","","","",""
"","","","","","","","",""
"","","","","","","","",""
"","","","","","","","",""
"","","","","","","","",""
"","","","","","","","",""
"","","","","","","","",""
"","","","","","","","",""
"","","","","","","","",""
"","","","","","","","",""
"","","","","","","","",""
"","","","","","","","",""
"","","","","","","","",""
"","","","","","","","",""
"","","","","","","","",""
"","","","","","","","",""
"","","","","","","","",""
"","","","","","","","",""
"","","","","","","","",""
"","","","","","","","",""
"","","","","","","","",""
"","","","","","","","",""
"","","","","","","","",""
"","","","","","","","",""
"","","","","","","","",""
"","","","","","","","",""
"","","","","","","","",""
"","","","","","","","",""
"","","","","","","","",""
"","","","","","","","",""
"","","","","","","","",""
"","","","","","","","",""
"","","","","","","","",""
"","","","","","","","",""
"","","","","","","","",""
"","","","","","","","",""
"","","","","","","","",""
"","","","","","","","",""
"","","","","","","","",""
"","","","","","","","",""
"","","","","","","","",""
"","","","","","","","",""
"","","","","","","","",""
"","","","","","","","",""
"","","","","","","","",""
"","","","","","","","",""
"","","","","","","","",""
"","","","","","","","",""
"","","","","","","","",""
"","","","","","","","",""
"","","","","","","","",""
"","","","","","","","",""
"","","","","","","","",""
"","","","","","","","",""
"","","","","","","","",""
"","","","","","","","",""
"","","","","","","","",""
"","","","","","","","",""
"","","","","","","","",""
"","","","","","","","",""
"","","","","","","","",""
"","","","","","","","",""
"","","","","","","","",""
"","","","","","","","",""
"","","","","","","","",""
"","","","","","","","",""
"","","","","","","","",""
"","","","","","","","",""
"","","","","","","","",""
"","","","","","","","",""
"","","","","","","","",""
"","","","","","","","",""
"","","","","","","","",""
"","","","","","","","",""
"","","","","","","","",""
"","","","","","","","",""
"","","","","","","","",""
"","","","","","","","",""
"","","","","","","","",""
"","","","","","","","",""
"","","","","","","","",""
"","","","","","","","",""
"","","","","","","","",""
"","","","","","","","",""
"","","","","","","","",""
"","","","","","","","",""
"","","","","","","","",""
"","","","","","","","",""
"","","","","","","","",""
"","","","","","","","",""
"","","","","","","","",""
"","","","","","","","",""
"","","","","","","","",""
"","","","","","","","",""
"","","","","","","","",""
"","","","","","","","",""
"","","","","","","","",""
"","","","","","","","",""
"","","","","","","","",""
"","","","","","","","",""
"","","","","","","","",""
"","","","","","","","",""
"","","","","","","","",""
"","","","","","","","",""
"","","","","","","","",""
"","","","","","","","",""
"","","","","","","","",""
"","","","","","","","",""
"","","","","","","","",""
"","","","","","","","",""
"","","","","","","","",""
"","","","","","","","",""
"","","","","","","","",""
"","","","","","","","",""
"","","","","","","","",""
"","","","","","","","",""
"","","","","","","","",""
"","","","","","","","",""
"","","","","","","","",""
"","","","","","","","",""
"","","","","","","","",""
"","","","","","","","",""
"","","","","","","","",""
"","","","","","","","",""
"","","","","","","","",""
"","","","","","","","",""
"","","","","","","","",""
"","","","","","","","",""
"","","","","","","","",""
"","","","","","","","",""
"","","","","","","","",""
"","","","","","","","",""
"","","","","","","","",""
"","","","","","","","",""
"","","","","","","","",""
"","","","","","","","",""
"","","","","","","","",""
"","","","","","","","",""
"","","","","","","","",""
"","","","","","","","",""
"","","","","","","","",""
"","","","","","","","",""
"","","","","","","","",""
"","","","","","","","",""
"","","","","","","","",""
"","","","","","","","",""
"","","","","","","","",""
"","","","","","","","",""
"","","","","","","","",""
"","","","","","","","",""
"","","","","","","","",""
"","","","","","","","",""
"","","","","","","","",""
"","","","","","","","",""
"","","","","","","","",""
"","","","","","","","",""
"","","","","","","","",""
"","","","","","","","",""
"","","","","","","","",""
"","","","","","","","",""
"","","","","","","","",""
"","","","","","","","",""
"","","","","","","","",""
"","","","","","","","",""
"","","","","","","","",""
"","","","","","","","",""
"","","","","","","","",""
"","","","","","","","",""
"","","","","","","","",""
"","","","","","","","",""
"","","","","","","","",""
"","","","","","","","",""
"","","","","","","","",""
"","","","","","","","",""
"","","","","","","","",""
"","","","","","","","",""
"","","","","","","","",""
"","","","","","","","",""
"","","","","","","","",""
"","","","","","","","",""
"","","","","","","","",""
"","","","","","","","",""
"","","","","","","","",""
"","","","","","","","",""
"","","","","","","","",""
"","","","","","","","",""
"","","","","","","","",""
"","","","","","","","",""
"","","","","","","","",""
"","","","","","","","",""
"","","","","","","","",""
"","","","","","","","",""
"","","","","","","","",""
"","","","","","","","",""
"","","","","","","","",""
"","","","","","","","",""
"","","","","","","","",""
"","","","","","","","",""
"","","","","","","","",""
"","","","","","","","",""
"","","","","","","","",""
"","","","","","","","",""
"","","","","","","","",""
"","","","","","","","",""
"","","","","","","","",""
"","","","","","","","",""
"","","","","","","","",""
"","","","","","","","",""
"","","","","","","","",""
"","","","","","","","",""
"","","","","","","","",""
"","","","","","","","",""
"","","","","","","","",""
"","","","","","","","",""
"","","","","","","","",""
"","","","","","","","",""
"","","","","","","","",""
"","","","","","","","",""
"","","","","","","","",""
"","","","","","","","",""
"","","","","","","","",""
"","","","","","","","",""
"","","","","","","","",""
"","","","","","","","",""
"","","","","","","","",""
"","","","","","","","",""
"","","","","","","","",""
"","","","","","","","",""
"","","","","","","","",""
"","","","","","","","",""
"","","","","","","","",""
"","","","","","","","",""
"","","","","","","","",""
"","","","","","","","",""
"","","","","","","","",""
"","","","","","","","",""
"","","","","","","","",""
"","","","","","","","",""
"","","","","","","","",""
"","","","","","","","",""
"","","","","","","","",""
"","","","","","","","",""
"","","","","","","","",""
"","","","","","","","",""
"","","","","","","","",""
"","","","","","","","",""
"","","","","","","","",""
"","","","","","","","",""
"","","","","","","","",""
"","","","","","","","",""
"","","","","","","","",""
"","","","","","","","",""
"","","","","","","","",""
"","","","","","","","",""
"","","","","","","","",""
"","","","","","","","",""
"","","","","","","","",""
"","","","","","","","",""
"","","","","","","","",""
"","","","","","","","",""
"","","","","","","","",""
"","","","","","","","",""
"","","","","","","","",""
"","","","","","","","",""
"","","","","","","","",""
"","","","","","","","",""
"","","","","","","","",""
"","","","","","","","",""
"","","","","","","","",""
"","","","","","","","",""
"","","","","","","","",""
"","","","","","","","",""
"","","","","","","","",""
"","","","","","","","",""
"","","","","","","","",""
"","","","","","","","",""
"","","","","","","","",""
"","","","","","","","",""
"","","","","","","","",""
"","","","","","","","",""
"","","","","","","","",""
"","","","","","","","",""
"","","","","","","","",""
"","","","","","","","",""
"","","","","","","","",""
"","","","","","","","",""
"","","","","","","","",""
"","","","","","","","",""
"","","","","","","","",""
"","","","","","","","",""
"","","","","","","","",""
"","","","","","","","",""
"","","","","","","","",""
"","","","","","","","",""
"","","","","","","","",""
"","","","","","","","",""
"","","","","","","","",""
"","","","","","","","",""
"","","","","","","","",""
"","","","","","","","",""
"","","","","","","","",""
"","","","","","","","",""
"","","","","","","","",""
"","","","","","","","",""
"","","","","","","","",""
"","","","","","","","",""
"","","","","","","","",""
"","","","","","","","",""
"","","","","","","","",""
"","","","","","","","",""
"","","","","","","","",""
"","","","","","","","",""
"","","","","","","","",""
"","","","","","","","",""
"","","","","","","","",""
"","","","","","","","",""
"","","","","","","","",""
"","","","","","","","",""
"","","","","","","","",""
"","","","","","","","",""
"","","","","","","","",""
"","","","","","","","",""
"","","","","","","","",""
"","","","","","","","",""
"","","","","","","","",""
"","","","","","","","",""
"","","","","","","","",""
"","","","","","","","",""
"","","","","","","","",""
"","","","","","","","",""
"","","","","","","","",""
"","","","","","","","",""
"","","","","","","","",""
"","","","","","","","",""
"","","","","","","","",""
"","","","","","","","",""
"","","","","","","","",""
"","","","","","","","",""
"","","","","","","","",""
"","","","","","","","",""
"","","","","","","","",""
"","","","","","","","",""
"","","","","","","","",""
"","","","","","","","",""
"","","","","","","","",""
"","","","","","","","",""
"","","","","","","","",""
"","","","","","","","",""
"","","","","","","","",""
"","","","","","","","",""
"","","","","","","","",""
"","","","","","","","",""
"","","","","","","","",""
"","","","","","","","",""
"","","","","","","","",""
"","","","","","","","",""
"","","","","","","","",""
"","","","","","","","",""
"","","","","","","","",""
"","","","","","","","",""
"","","","","","","","",""
"","","","","","","","",""
"","","","","","","","",""
"","","","","","","","",""
"","","","","","","","",""
"","","","","","","","",""
"","","","","","","","",""
"","","","","","","","",""
"","","","","","","","",""
"","","","","","","","",""
"","","","","","","","",""
"","","","","","","","",""
"","","","","","","","",""
"","","","","","","","",""
"","","","","","","","",""
"","","","","","","","",""
"","","","","","","","",""
"","","","","","","","",""
"","","","","","","","",""
"","","","","","","","",""
"","","","","","","","",""
"","","","","","","","",""
"","","","","","","","",""
"","","","","","","","",""
"","","","","","","","",""
"","","","","","","","",""
"","","","","","","","",""
"","","","","","","","",""
"","","","","","","","",""
"","","","","","","","",""
"","","","","","","","",""
"","","","","","","","",""
"","","","","","","","",""
"","","","","","","","",""
"","","","","","","","",""
"","","","","","","","",""
"","","","","","","","",""
"","","","","","","","",""
"","","","","","","","",""
"","","","","","","","",""
"","","","","","","","",""
"","","","","","","","",""
"","","","","","","","",""
"","","","","","","","",""
"","","","","","","","",""
"","","","","","","","",""
"","","","","","","","",""
"","","","","","","","",""
"","","","","","","","",""
"","","","","","","","",""
"","","","","","","","",""
"","","","","","","","",""
"","","","","","","","",""
"","","","","","","","",""
"","","","","","","","",""
"","","","","","","","",""
"","","","","","","","",""
"","","","","","","","",""
"","","","","","","","",""
"","","","","","","","",""
"","","","","","","","",""
"","","","","","","","",""
"","","","","","","","",""
"","","","","","","","",""
"","","","","","","","",""
"","","","","","","","",""
"","","","","","","","",""
"","","","","","","","",""
"","","","","","","","",""
"","","","","","","","",""
"","","","","","","","",""
"","","","","","","","",""
"","","","","","","","",""
"","","","","","","","",""
"","","","","","","","",""
"","","","","","","","",""
"","","","","","","","",""
"","","","","","","","",""
"","","","","","","","",""
"","","","","","","","",""
"","","","","","","","",""
"","","","","","","","",""
"","","","","","","","",""
"","","","","","","","",""
"","","","","","","","",""
"","","","","","","","",""
"","","","","","","","",""
"","","","","","","","",""
"","","","","","","","",""
"","","","","","","","",""
"","","","","","","","",""
"","","","","","","","",""
"","","","","","","","",""
"","","","","","","","",""
"","","","","","","","",""
"","","","","","","","",""
"","","","","","","","",""
"","","","","","","","",""
"","","","","","","","",""
"","","","","","","","",""
"","","","","","","","",""
"","","","","","","","",""
"","","","","","","","",""
"","","","","","","","",""
"","","","","","","","",""
"","","","","","","","",""
"","","","","","","","",""
"","","","","","","","",""
"","","","","","","","",""
"","","","","","","","",""
"","","","","","","","",""
"","","","","","","","",""
"","","","","","","","",""
"","","","","","","","",""
"","","","","","","","",""
"","","","","","","","",""
"","","","","","","","",""
"","","","","","","","",""
"","","","","","","","",""
"","","","","","","","",""
"","","","","","","","",""
"","","","","","","","",""
"","","","","","","","",""
"","","","","","","","",""
"","","","","","","","",""
"","","","","","","","",""
"","","","","","","","",""
"","","","","","","","",""
"","","","","","","","",""
"","","","","","","","",""
"","","","","","","","",""
"","","","","","","","",""
"","","","","","","","",""
"","","","","","","","",""
"","","","","","","","",""
"","","","","","","","",""
"","","","","","","","",""
"","","","","","","","",""
"","","","","","","","",""
"","","","","","","","",""
"","","","","","","","",""
"","","","","","","","",""
"","","","","","","","",""
"","","","","","","","",""
"","","","","","","","",""
"","","","","","","","",""
"","","","","","","","",""
"","","","","","","","",""
"","","","","","","","",""
"","","","","","","","",""
"","","","","","","","",""
"","","","","","","","",""
"","","","","","","","",""
"","","","","","","","",""
"","","","","","","","",""
"","","","","","","","",""
"","","","","","","","",""
"","","","","","","","",""
"","","","","","","","",""
"","","","","","","","",""
"","","","","","","","",""
"","","","","","","","",""
"","","","","","","","",""
"","","","","","","","",""
"","","","","","","","",""
"","","","","","","","",""
"","","","","","","","",""
"","","","","","","","",""
"","","","","","","","",""
"","","","","","","","",""
"","","","","","","","",""
"","","","","","","","",""
"","","","","","","","",""
"","","","","","","","",""
"","","","","","","","",""
"","","","","","","","",""
"","","","","","","","",""
"","","","","","","","",""
"","","","","","","","",""
"","","","","","","","",""
"","","","","","","","",""
"","","","","","","","",""
"","","","","","","","",""
"","","","","","","","",""
"","","","","","","","",""
"","","","","","","","",""
"","","","","","","","",""
"","","","","","","","",""
"","","","","","","","",""
"","","","","","","","",""
"","","","","","","","",""
