"NAGAR ROAD- VADGAON SHERI","","","","","","","",""
"","","","","","","0","",""
"Ward No.","Year","Sr. No.","Details of the work","Amount","Expense Code","Issue Status","Original Comment","Resolution Comment"
"4A","17-18","1","Benches","125,546.00","Benches","","",""
"4A","17-18","2","Installation of Nameplates / Direction Boards / Sign Boards / Message Boards / Slogans Painting","158,462.57","Nameplates","","",""
"4A","17-18","3","Drainage works","139,106.20","Drainage","","",""
"4A","17-18","4","Jute bags/ cloth/ canvas bags etc.","200,000.00","Bags","","",""
"4A","17-18","5","Cleaning material purchase etc","137,731.00","Cleaning","","",""
"4B","17-18","1","Distributing Dustbins/buckets","200,000.00","Dustbin/Buckets","","",""
"4B","17-18","2","Benches","100,166.40","Benches","","",""
"4B","17-18","3","Benches","139,121.32","Benches","","",""
"4B","17-18","4","Distributing Dustbins/buckets","200,000.00","Dustbin/Buckets","","",""
"4B","17-18","5","Drainage works","97,218.81","Drainage","","",""
"4B","17-18","6","Jute bags/ cloth/ canvas bags etc.","200,000.00","Bags","","",""
"4B","17-18","7","Public dustbins, maintenance, waste disposal facility","200,000.00","Waste disposal","","",""
"4B","17-18","8","Furniture works, curtains etc.","143,809.81","Furniture","","",""
"4B","17-18","9","Drainage works","98,909.62","Drainage","","",""
"4B","17-18","10","Drainage works","121,600.71","Drainage","","",""
"4C","17-18","1","Installation of Nameplates / Direction Boards / Sign Boards / Message Boards / Slogans Painting","158,696.95","Nameplates","","",""
"4C","17-18","2","CCTV installation, repairing etc","200,000.00","CCTV","","",""
"4C","17-18","3","Drainage works","151,658.00","Drainage","","",""
"4C","17-18","4","Jute bags/ cloth/ canvas bags etc.","200,000.00","Bags","","",""
"4C","17-18","5","Cleaning material purchase etc","121,139.76","Cleaning","","",""
"4D","17-18","1","Benches","199,400.00","Benches","","",""
"4D","17-18","2","Installation of Nameplates / Direction Boards / Sign Boards / Message Boards / Slogans Painting","158,896.71","Nameplates","","",""
"4D","17-18","3","Drainage works","115,883.77","Drainage","","",""
"4D","17-18","4","Jute bags/ cloth/ canvas bags etc.","200,000.00","Bags","","",""
"4D","17-18","5","Cleaning material purchase etc","122,139.76","Cleaning","","",""
"4D","17-18","6","Building toilets / maintenance etc.","98,733.87","Toilet","","",""
"4D","17-18","7","Distributing Dustbins/buckets","200,000.00","Dustbin/Buckets","","",""
"4A","18-19","1","Distributing Dustbins/buckets","200,000.00","Dustbin/Buckets","","",""
"4A","18-19","2","Jute bags/ cloth/ canvas bags etc.","178,550.00","Bags","","",""
"4A","18-19","3","Road Construction / Colouring Roads / Railing Work / Speed Breaker","177,235.27","Road","","",""
"4A","18-19","4","Distributing Dustbins/buckets","200,000.00","Dustbin/Buckets","","",""
"4A","18-19","5","Jute bags/ cloth/ canvas bags etc.","178,550.00","Bags","","",""
"4A","18-19","6","Road Construction / Colouring Roads / Railing Work / Speed Breaker","177.521.48","Road","","",""
"4A","18-19","7","Benches","178.336.05","Benches","","",""
"4A","18-19","8","Distributing Dustbins/buckets","200,000.00","Dustbin/Buckets","","",""
"4B","18-19","1","Distributing Dustbins/buckets","200,000.00","Dustbin/Buckets","","",""
"4B","18-19","2","Benches","177,813.22","Benches","","",""
"4B","18-19","3","Benches","176,354.54","Benches","","",""
"4B","18-19","4","Distributing Dustbins/buckets","200,000.00","Dustbin/Buckets","","",""
"4B","18-19","5","Drainage works","149,763.91","Drainage","","",""
"4B","18-19","6","Jute bags/ cloth/ canvas bags etc.","178,550.00","Bags","","",""
"4B","18-19","7","Colouring works","158,776.57","Colouring","","",""
"4B","18-19","8","Road Construction / Colouring Roads / Railing Work / Speed Breaker","174,875.45","Road","","",""
"4C","18-19","1","Distributing Dustbins/buckets","200,000.00","Dustbin/Buckets","","",""
"4C","18-19","2","Benches","197,850.50","Benches","","",""
"4C","18-19","3","Distributing Dustbins/buckets","200,000.00","Dustbin/Buckets","","",""
"4C","18-19","4","Jute bags/ cloth/ canvas bags etc.","178,550.00","Bags","","",""
"4C","18-19","5","Drainage works","197,726.33","Drainage","","",""
"4C","18-19","6","Road Construction / Colouring Roads / Railing Work / Speed Breaker","167,425.12","Road","","",""
"4C","18-19","7","Colouring works","158,877.55","Colouring","","",""
"4D","18-19","1","Distributing Dustbins/buckets","199,808.00","Dustbin/Buckets","","",""
"4D","18-19","2","Benches","178,336.05","Benches","","",""
"4D","18-19","3","Distributing Dustbins/buckets","199,136.00","Dustbin/Buckets","","",""
"4D","18-19","4","Drainage works","179,371.38","Drainage","","",""
"4D","18-19","5","Jute bags/ cloth/ canvas bags etc.","178,550.38","Bags","","",""
"4D","18-19","6","Cleaning material purchase etc","175,417.09","Cleaning","","",""
"4D","18-19","7","Road Construction / Colouring Roads / Railing Work / Speed Breaker","177,141.86","Road","","",""
"3A","18-19","1","Distributing Dustbins/buckets","199,987.20","Dustbin/Buckets","","",""
"3A","18-19","2","Distributing Dustbins/buckets","199,920.00","Dustbin/Buckets","","",""
"3A","18-19","3","Installation of Nameplates / Direction Boards / Sign Boards / Message Boards / Slogans Painting","191,679.87","Nameplates","","",""
"3A","18-19","4","Footpaths / pedestrian crossings","191,679.87","Footpath","","",""
"3A","18-19","5","Footpaths / pedestrian crossings","189,629.54","Footpath","","",""
"3A","18-19","6","Drainage works","197,530.49","Drainage","","",""
"3A","18-19","7","Road Construction / Colouring Roads / Railing Work / Speed Breaker","196,956.08","Road","","",""
"3A","18-19","8","Drainage works","197,530.49","Drainage","","",""
"3A","18-19","9","Road Construction / Colouring Roads / Railing Work / Speed Breaker","199,981.60","Road","","",""
"3A","18-19","10","Road Construction / Colouring Roads / Railing Work / Speed Breaker","199,291.01","Road","","",""
"3B","18-19","1","Jute bags/ cloth/ canvas bags etc.","200,000.00","Bags","","",""
"3B","18-19","2","Jute bags/ cloth/ canvas bags etc.","200,000.00","Bags","","",""
"3B","18-19","3","Road Construction / Colouring Roads / Railing Work / Speed Breaker","173,187.94","Road","","",""
"3B","18-19","4","Benches","65,918.72","Benches","","",""
"3B","18-19","5","Benches","181,276.48","Benches","","",""
"3B","18-19","6","Drainage works","197,530.49","Drainage","","",""
"3B","18-19","7","Drainage works","197,710.05","Drainage","","",""
"3B","18-19","8","Road Construction / Colouring Roads / Railing Work / Speed Breaker","197,225.09","Road","","",""
"3B","18-19","9","Road Construction / Colouring Roads / Railing Work / Speed Breaker","197,767.88","Road","","",""
"3B","18-19","10","Distributing Dustbins/buckets","200,000.00","Dustbin/Buckets","","",""
"3C","18-19","1","Road Construction / Colouring Roads / Railing Work / Speed Breaker","169,375.86","Road","","",""
"3C","18-19","2","Road Construction / Colouring Roads / Railing Work / Speed Breaker","86,259.90","Road","","",""
"3C","18-19","3","Road Construction / Colouring Roads / Railing Work / Speed Breaker","168,002.81","Road","","",""
"3C","18-19","4","Road Construction / Colouring Roads / Railing Work / Speed Breaker","168,198.90","Road","","",""
"3C","18-19","5","Road Construction / Colouring Roads / Railing Work / Speed Breaker","199,950.24","Road","","",""
"3D","18-19","1","Water pipelines, repairing etc.","159,513.90","Water supply","","",""
"3D","18-19","2","Road Construction / Colouring Roads / Railing Work / Speed Breaker","199,984.00","Road","","",""
"3D","18-19","3","Cleaning material purchase etc","159,744.00","Cleaning","","",""
"3D","18-19","4","Drainage works","161,263.20","Drainage","","",""
"3D","18-19","5","Cleaning material purchase etc","200,000.00","Cleaning","","",""
"3D","18-19","6","Pavement Blocks / Grouting / Laying tiles","200,000.00","Pavement blocks","","",""
"3D","18-19","7","Footpaths / pedestrian crossings","100,000.00","Footpath","","",""
"3A","19-20","1","Drainage works","199,702.72","Drainage","","",""
"3A","19-20","2","Drainage works","199,820.32","Drainage","","",""
"3A","19-20","3","Footpaths / pedestrian crossings","199,893.32","Footpath","","",""
"3A","19-20","4","Footpaths / pedestrian crossings","199,697.12","Footpath","","",""
"3A","19-20","5","Installation of Nameplates / Direction Boards / Sign Boards / Message Boards / Slogans Painting","199,987.20","Nameplates","","",""
"3A","19-20","6","Jute bags/ cloth/ canvas bags etc.","200,000.00","Bags","","",""
"3A","19-20","7","Jute bags/ cloth/ canvas bags etc.","200,000.00","Bags","","",""
"3B","19-20","1","Distributing Computers","200,000.00","Computers","","",""
"3B","19-20","2","Drainage works","197,652.00","Drainage","","",""
"3B","19-20","3","Pavement Blocks / Grouting / Laying tiles","199,697.12","Pavement blocks","","",""
"3B","19-20","4","Library sheds/ library maintenance","189,420.00","Library","","",""
"3B","19-20","5","Road Construction / Colouring Roads / Railing Work / Speed Breaker","199,893.69","Road","","",""
"3B","19-20","6","Drainage works","197,696.00","Drainage","","",""
"3B","19-20","7","Library sheds/ library maintenance","197,350.00","Library","","",""
"3B","19-20","8","Benches","100,000.00","Benches","","",""
"3B","19-20","9","Benches","200,000.00","Benches","","",""
"3B","19-20","10","Mainetnance and cleaning works","164,287.00","Maintenance","","",""
"3B","19-20","11","Disaster Relief Work / Contribution to PM Cares etc","100,000.00","Help / Fund / Relief Work","","",""
"3C","19-20","1","Decoration (सुशोभीकरण in marathi)","122,975.00","Decoration","","",""
"3C","19-20","2","Road Construction / Colouring Roads / Railing Work / Speed Breaker","147,108.00","Road","","",""
"3C","19-20","3","Decoration (सुशोभीकरण in marathi)","122,990.00","Decoration","","",""
"3C","19-20","4","Public dustbins, maintenance, waste disposal facility","200,000.00","Waste disposal","","",""
"3C","19-20","5","Public dustbins, maintenance, waste disposal facility","200,000.00","Waste disposal","","",""
"3C","19-20","6","Distributing Dustbins/buckets","200,000.00","Dustbin/Buckets","","",""
"3C","19-20","7","Distributing Dustbins/buckets","200,000.00","Dustbin/Buckets","","",""
"3C","19-20","8","Disaster Relief Work / Contribution to PM Cares etc","100,000.00","Help / Fund / Relief Work","","",""
"3C","19-20","9","Bags","200,000.00","Bags","","",""
"3C","19-20","10","Public dustbins, maintenance, waste disposal facility","100,000.00","Waste disposal","","",""
"3C","19-20","11","Jute bags/ cloth/ canvas bags etc.","200,000.00","Bags","","",""
"3A","19-20","1","Drainage works","199,702.72","Drainage","","",""
"3A","19-20","2","Drainage works","199,820.32","Drainage","","",""
"3A","19-20","3","Footpaths / pedestrian crossings","19,989.79","Footpath","","",""
"3A","19-20","4","Footpaths / pedestrian crossings","192,231.00","Footpath","","",""
"3A","19-20","5","Installation of Nameplates / Direction Boards / Sign Boards / Message Boards / Slogans Painting","199,987.20","Nameplates","","",""
"3A","19-20","6","Jute bags/ cloth/ canvas bags etc.","200,000.00","Bags","","",""
"3A","19-20","7","Jute bags/ cloth/ canvas bags etc.","200,000.00","Bags","","",""
"3D","19-20","1","Footpaths / pedestrian crossings","200,000.00","Footpath","","",""
"3D","19-20","2","Cleaning material purchase etc","199,995.04","Cleaning","","",""
"3D","19-20","3","Samaj Mandir / Schools / Virangula Kendra / Any Building Related Work / Renovation / Temple Shed","200,000.00","Buildings","","",""
"3D","19-20","4","Road Construction / Colouring Roads / Railing Work / Speed Breaker","99,993.60","Road","","",""
"3D","19-20","5","Samaj Mandir / Schools / Virangula Kendra / Any Building Related Work / Renovation / Temple Shed","199,903.76","Buildings","","",""
"3D","19-20","6","Fencing / walls / gates","199,979.36","Fencing","","",""
"3D","19-20","7","Drainage works","199,914.40","Drainage","","",""
"3D","19-20","8","Road Construction / Colouring Roads / Railing Work / Speed Breaker","99,923.15","Road","","",""
"3D","19-20","9","Road Construction / Colouring Roads / Railing Work / Speed Breaker","99,923.15","Road","","",""
"4A","19-20","1","Road Construction / Colouring Roads / Railing Work / Speed Breaker","199,961.66","Road","","",""
"4A","19-20","2","Library sheds/ library maintenance","199,779.78","Library","","",""
"4A","19-20","3","Pavement Blocks / Grouting / Laying tiles","199,828.60","Pavement blocks","","",""
"4A","19-20","4","Drainage works","199,809.12","Drainage","","",""
"4A","19-20","5","Drainage works","199,809.12","Drainage","","",""
"4A","19-20","6","Colouring works","199,940.16","Colouring","","",""
"4A","19-20","7","Furniture works, curtains etc.","199,940.16","Furniture","","",""
"4A","19-20","8","Furniture works, curtains etc.","199,831.52","Furniture","","",""
"4B","19-20","1","Mainetnance and cleaning works","199,901.00","Maintenance","","",""
"4B","19-20","2","Building toilets / maintenance etc.","200,000.00","Toilet","","",""
"4B","19-20","3","Drainage works","177,813.22","Drainage","","",""
"4B","19-20","4","Distributing Dustbins/buckets","199,901.00","Dustbin/Buckets","","",""
"4B","19-20","5","Drainage works","149,848.26","Drainage","","",""
"4B","19-20","6","Jute bags/ cloth/ canvas bags etc.","178,550.00","Bags","","",""
"4B","19-20","7","Colouring works","159,776.57","Colouring","","",""
"4B","19-20","8","Road Construction / Colouring Roads / Railing Work / Speed Breaker","174,875.45","Road","","",""
"4C","19-20","1","Mainetnance and cleaning works","172,359.00","Maintenance","","",""
"4C","19-20","2","Library sheds/ library maintenance","169,803.00","Library","","",""
"4C","19-20","3","Library sheds/ library maintenance","199,779.78","Library","","",""
"4C","19-20","4","Samaj Mandir / Schools / Virangula Kendra / Any Building Related Work / Renovation / Temple Shed","199,903.76","Buildings","","",""
"4C","19-20","5","Library sheds/ library maintenance","199,841.60","Library","","",""
"4C","19-20","6","Colouring works","199,951.36","Colouring","","",""
"4C","19-20","7","Miscelleneous Development work","197,625.00","Development work","","",""
"4C","19-20","8","Mainetnance and cleaning works","199,903.76","Maintenance","","",""
"4C","19-20","9","Market related works","199,841.60","Markets /Mandi","","",""
"4D","19-20","1","Furniture works, curtains etc.","199,977.68","Furniture","","",""
"4D","19-20","2","Road Construction / Colouring Roads / Railing Work / Speed Breaker","76,849.32","Road","","",""
"4D","19-20","3","Gym / gym equipments","199,607.52","Gym","","",""
"4D","19-20","4","Furniture works, curtains etc.","199,809.12","Furniture","","",""
"4D","19-20","5","Drainage works","151,713.00","Drainage","","",""
"4D","19-20","6","Colouring works","171,630.00","Colouring","","",""
"4D","19-20","7","Furniture works, curtains etc.","199,977.68","Furniture","","",""
"4D","19-20","8","Drainage works","149,305.00","Drainage","","",""
"4D","19-20","9","Mainetnance and cleaning works","199,977.68","Maintenance","","",""
"4D","19-20","10","Miscelleneous Development work","199,885.84","Development work","","",""
"3A","20-21","1","Distributing Dustbins/buckets","199,971.00","Dustbin/Buckets","","",""
"3A","20-21","2","Building toilets / maintenance etc.","197,692.00","Toilet","","",""
"3A","20-21","3","Cleaning material purchase etc","197,692.00","Cleaning","","",""
"3A","20-21","4","Drainage works","187,824.00","Drainage","","",""
"3A","20-21","5","Drainage works","156,799.00","Drainage","","",""
"3A","20-21","6","Road Construction / Colouring Roads / Railing Work / Speed Breaker","178,395.00","Road","","",""
"3A","20-21","7","Road Construction / Colouring Roads / Railing Work / Speed Breaker","199,567.00","Road","","",""
"3A","20-21","8","Disaster Relief Work / Contribution to PM Cares etc","195,000.00","Help / Fund / Relief Work","","",""
"3A","20-21","9","Footpaths / pedestrian crossings","200,000.00","Footpath","","",""
"3A","20-21","10","Drainage works","197,622.00","Drainage","","",""
"3B","20-21","1","Disaster Relief Work / Contribution to PM Cares etc","200,000.00","Help / Fund / Relief Work","","",""
"3B","20-21","2","Cleaning material purchase etc","141,627.00","Cleaning","","",""
"3B","20-21","3","Road Construction / Colouring Roads / Railing Work / Speed Breaker","161,706.00","Road","","",""
"3B","20-21","4","Pavement Blocks / Grouting / Laying tiles","161,540.00","Pavement blocks","","",""
"3B","20-21","5","Road Construction / Colouring Roads / Railing Work / Speed Breaker","161,500.00","Road","","",""
"3B","20-21","6","Drainage works","197,825.00","Drainage","","",""
"3B","20-21","7","Library sheds/ library maintenance","155,370.00","Library","","",""
"3B","20-21","8","Drainage works","160,090.00","Drainage","","",""
"3C","20-21","1","Water pipelines, repairing etc.","200,000.00","Water supply","","",""
"3C","20-21","2","Water pipelines, repairing etc.","199,735.74","Water supply","","",""
"3C","20-21","3","Disaster Relief Work / Contribution to PM Cares etc","200,000.00","Help / Fund / Relief Work","","",""
"3C","20-21","4","Library sheds/ library maintenance","199,910.00","Library","","",""
"3C","20-21","5","Library sheds/ library maintenance","199,860.00","Library","","",""
"3C","20-21","6","Disaster Relief Work / Contribution to PM Cares etc","199,938.00","Help / Fund / Relief Work","","",""
"3C","20-21","7","Road Construction / Colouring Roads / Railing Work / Speed Breaker","199,892.00","Road","","",""
"3C","20-21","8","Road Construction / Colouring Roads / Railing Work / Speed Breaker","199,399.00","Road","","",""
"3C","20-21","9","Public dustbins, maintenance, waste disposal facility","200,000.00","Waste disposal","","",""
"3C","20-21","10","Distributing Dustbins/buckets","200,000.00","Dustbin/Buckets","","",""
"3D","20-21","1","Fencing / walls / gates","105,000.00","Fencing","","",""
"3D","20-21","2","Samaj Mandir / Schools / Virangula Kendra / Any Building Related Work / Renovation / Temple Shed","149,788.00","Buildings","","",""
"3D","20-21","3","Drainage works","127,811.00","Drainage","","",""
"3D","20-21","4","Road Construction / Colouring Roads / Railing Work / Speed Breaker","122,453.00","Road","","",""
"3D","20-21","5","Drainage works","134,010.00","Drainage","","",""
"3D","20-21","6","Road Construction / Colouring Roads / Railing Work / Speed Breaker","122,237.00","Road","","",""
"3D","20-21","7","Drainage works","110,055.00","Drainage","","",""
"3D","20-21","8","Water pipelines, repairing etc.","99,117.00","Water supply","","",""
"3D","20-21","9","Road Construction / Colouring Roads / Railing Work / Speed Breaker","77,221.00","Road","","",""
"3D","20-21","10","Disaster Relief Work / Contribution to PM Cares etc","200,000.00","Help / Fund / Relief Work","","",""
"4A","20-21","1","Colouring works","142,585.00","Colouring","","",""
"4A","20-21","2","Drainage works","123,628.00","Drainage","","",""
"4A","20-21","3","Road Construction / Colouring Roads / Railing Work / Speed Breaker","122,414.00","Road","","",""
"4A","20-21","4","Cleaning material purchase etc","131,972.00","Cleaning","","",""
"4A","20-21","5","Drainage works","122,628.00","Drainage","","",""
"4A","20-21","6","Furniture works, curtains etc.","155,760.00","Furniture","","",""
"4A","20-21","7","Library sheds/ library maintenance","155,808.00","Library","","",""
"4A","20-21","8","Road Construction / Colouring Roads / Railing Work / Speed Breaker","155,716.00","Road","","",""
"4A","20-21","9","Disaster Relief Work / Contribution to PM Cares etc","200,000.00","Help / Fund / Relief Work","","",""
"4B","20-21","1","Drainage works","133,272.00","Drainage","","",""
"4B","20-21","2","Road Construction / Colouring Roads / Railing Work / Speed Breaker","173,718.00","Road","","",""
"4B","20-21","3","Drainage works","133,909.00","Drainage","","",""
"4B","20-21","4","Road Construction / Colouring Roads / Railing Work / Speed Breaker","134,064.00","Road","","",""
"4B","20-21","5","Disaster Relief Work / Contribution to PM Cares etc","100,000.00","Help / Fund / Relief Work","","",""
"4B","20-21","6","Disaster Relief Work / Contribution to PM Cares etc","200,000.00","Help / Fund / Relief Work","","",""
"4B","20-21","7","Jute bags/ cloth/ canvas bags etc.","200,000.00","Bags","","",""
"4B","20-21","8","Road Construction / Colouring Roads / Railing Work / Speed Breaker","199,918.32","Road","","",""
"4B","20-21","9","Gym / gym equipments","128,950.00","Gym","","",""
"4B","20-21","10","Gym / gym equipments","128,910.00","Gym","","",""
"4B","20-21","11","Disaster Relief Work / Contribution to PM Cares etc","100,000.00","Help / Fund / Relief Work","","",""
"4C","20-21","1","Building toilets / maintenance etc.","157,899.00","Toilet","","",""
"4C","20-21","2","Samaj Mandir / Schools / Virangula Kendra / Any Building Related Work / Renovation / Temple Shed","148,314.00","Buildings","","",""
"4C","20-21","3","Drainage works","120,581.00","Drainage","","",""
"4C","20-21","4","Cleaning material purchase etc","131,919.00","Cleaning","","",""
"4C","20-21","5","Library sheds/ library maintenance","148,315.00","Library","","",""
"4C","20-21","6","Library sheds/ library maintenance","177,789.00","Library","","",""
"4C","20-21","7","Mainetnance and cleaning works","145,729.00","Maintenance","","",""
"4C","20-21","8","Disaster Relief Work / Contribution to PM Cares etc","200,000.00","Help / Fund / Relief Work","","",""
"4C","20-21","9","Mainetnance and cleaning works","197,597.00","Maintenance","","",""
"4D","20-21","1","Drainage works","123,242.00","Drainage","","",""
"4D","20-21","2","Mainetnance and cleaning works","200,000.00","Maintenance","","",""
"4D","20-21","3","gym / gym equipments","148,241.00","Gym","","",""
"4D","20-21","4","Disaster Relief Work / Contribution to PM Cares etc","200,000.00","Help / Fund / Relief Work","","",""
"4D","20-21","5","Water pipelines, repairing etc.","199,918.00","Water supply","","",""
"4D","20-21","6","Disaster Relief Work / Contribution to PM Cares etc","199,357.00","Help / Fund / Relief Work","","",""
"4D","20-21","7","Mainetnance and cleaning works","179,230.00","Maintenance","","",""
"4D","20-21","8","Drainage works","199,064.00","Drainage","","",""
"3A","17-18","1","Drainage works","200,000.00","Drainage","","",""
"3A","17-18","2","Footpaths / pedestrian crossings","200,000.00","Footpath","","",""
"3A","17-18","3","Installation of Nameplates / Direction Boards / Sign Boards / Message Boards / Slogans Painting","200,000.00","Nameplates","","",""
"3A","17-18","4","Samaj Mandir / Schools / Virangula Kendra / Any Building Related Work / Renovation / Temple Shed","200,000.00","Buildings","","",""
"3A","17-18","5","Drainage works","200,000.00","Drainage","","",""
"3A","17-18","6","Benches","200,000.00","Benches","","",""
"3A","17-18","7","Water pipelines, repairing etc.","200,000.00","Water supply","","",""
"3A","17-18","8","Road Construction / Colouring Roads / Railing Work / Speed Breaker","200,000.00","Road","","",""
"3B","17-18","1","Installation of Nameplates / Direction Boards / Sign Boards / Message Boards / Slogans Painting","200,000.00","Nameplates","","",""
"3B","17-18","2","Drainage works","200,000.00","Drainage","","",""
"3B","17-18","3","Building toilets / maintenance etc.","200,000.00","Toilet","","",""
"3B","17-18","4","Benches","200,000.00","Benches","","",""
"3B","17-18","5","Building toilets / maintenance etc.","200,000.00","Toilet","","",""
"3B","17-18","6","Installation of Nameplates / Direction Boards / Sign Boards / Message Boards / Slogans Painting","200,000.00","Nameplates","","",""
"3B","17-18","7","Distributing Dustbins/buckets","200,000.00","Dustbin/Buckets","","",""
"3B","17-18","8","Road Construction / Colouring Roads / Railing Work / Speed Breaker","200,000.00","Road","","",""
"3B","17-18","9","Bags","200,000.00","Bags","","",""
"3C","17-18","1","Drainage works","200,000.00","Drainage","","",""
"3C","17-18","2","Mainetnance and cleaning works","200,000.00","Cleaning","","",""
"3C","17-18","3","Gym / gym equipments","200,000.00","Gym","","",""
"3D","17-18","1","Mainetnance and cleaning works","200,000.00","Cleaning","","",""
"3D","17-18","2","Drainage works","200,000.00","Drainage","","",""
"3D","17-18","3","Mainetnance and cleaning works","200,000.00","Cleaning","","",""
"3D","17-18","4","Drainage works","200,000.00","Drainage","","",""
"3D","17-18","5","Water pipelines, repairing etc.","200,000.00","Water supply","","",""
"3D","17-18","6","Road Construction / Colouring Roads / Railing Work / Speed Breaker","200,000.00","Road","","",""
"5A","17-18","1","Furniture works, curtains etc.","163,000.00","Furniture","","",""
"5A","17-18","2","Benches","128,000.00","Benches","","",""
"5A","17-18","3","Electrification/new street lights","135,000.00","Electrification","","",""
"5A","17-18","4","Drainage works","176,000.00","Drainage","","",""
"5A","17-18","5","Road Construction / Colouring Roads / Railing Work / Speed Breaker","189,000.00","Road","","",""
"5A","17-18","6","Cleaning material purchase etc","149,000.00","Cleaning","","",""
"5A","17-18","7","Drainage works","159,000.00","Drainage","","",""
"5A","17-18","8","Road Construction / Colouring Roads / Railing Work / Speed Breaker","128,000.00","Road","","",""
"5B","17-18","1","Benches","127,000.00","Benches","","",""
"5B","17-18","2","Installation of Nameplates / Direction Boards / Sign Boards / Message Boards / Slogans Painting","149,000.00","Nameplates","","",""
"5B","17-18","3","Colouring works","176,000.00","Colouring","","",""
"5B","17-18","4","Distributing Computers","161,000.00","Computers","","",""
"5B","17-18","5","Drainage works","134,000.00","Drainage","","",""
"5B","17-18","6","Gym / gym equipments","144,000.00","Gym","","",""
"5B","17-18","7","Drainage works","197,000.00","Drainage","","",""
"5B","17-18","8","Drainage works","128,000.00","Drainage","","",""
"5B","17-18","9","Road Construction / Colouring Roads / Railing Work / Speed Breaker","129,000.00","Road","","",""
"5B","17-18","10","Bags","200,000.00","Bags","","",""
"5C","17-18","1","Installation of Nameplates / Direction Boards / Sign Boards / Message Boards / Slogans Painting","157,000.00","Nameplates","","",""
"5C","17-18","2","Distributing Dustbins/buckets","200,000.00","Dustbin/Buckets","","",""
"5C","17-18","3","Cleaning material purchase etc","200,000.00","Cleaning","","",""
"5C","17-18","4","Benches","161,000.00","Benches","","",""
"5C","17-18","5","Cleaning material purchase etc","134,000.00","Cleaning","","",""
"5C","17-18","6","Drainage works","144,000.00","Drainage","","",""
"5C","17-18","7","Installation of Nameplates / Direction Boards / Sign Boards / Message Boards / Slogans Painting","197,000.00","Nameplates","","",""
"5C","17-18","8","Benches","128,000.00","Benches","","",""
"5C","17-18","9","Cleaning material purchase etc","129,000.00","Cleaning","","",""
"5C","17-18","10","Road Construction / Colouring Roads / Railing Work / Speed Breaker","156,000.00","Road","","",""
"5D","17-18","1","Drainage works","192,000.00","Drainage","","",""
"5D","17-18","2","Installation of Nameplates / Direction Boards / Sign Boards / Message Boards / Slogans Painting","192,000.00","Nameplates","","",""
"5D","17-18","3","Benches","198,000.00","Benches","","",""
"5D","17-18","4","Installation of Nameplates / Direction Boards / Sign Boards / Message Boards / Slogans Painting","145,000.00","Nameplates","","",""
"5D","17-18","5","Drainage works","179,000.00","Drainage","","",""
"5D","17-18","6","Drainage works","169,000.00","Drainage","","",""
"5D","17-18","7","Cleaning material purchase etc","127,000.00","Cleaning","","",""
"5D","17-18","8","Furniture works, curtains etc.","156,000.00","Furniture","","",""
"5D","17-18","9","Road Construction / Colouring Roads / Railing Work / Speed Breaker","176,000.00","Road","","",""
"5D","17-18","10","Road Construction / Colouring Roads / Railing Work / Speed Breaker","176,000.00","Road","","",""
"5A","18-19","1","Road Construction / Colouring Roads / Railing Work / Speed Breaker","169,154.00","Road","","",""
"5A","18-19","2","Road Construction / Colouring Roads / Railing Work / Speed Breaker","200,000.00","Road","","",""
"5A","18-19","3","Benches","199,646.05","Benches","","",""
"5A","18-19","4","Drainage works","173,813.52","Drainage","","",""
"5A","18-19","5","Cleaning material purchase etc","189,174.72","Cleaning","","",""
"5A","18-19","6","Benches","190,390.23","Benches","","",""
"5A","18-19","7","Colouring works","179,979.20","Colouring","","",""
"5A","18-19","8","Distributing Dustbins/buckets","200,000.00","Dustbin/Buckets","","",""
"5A","18-19","9","Cleaning material purchase etc","142,812.00","Cleaning","","",""
"5A","18-19","10","Colouring works","168,517.69","Colouring","","",""
"5B","18-19","1","Furniture works, curtains etc.","199,000.00","Furniture","","",""
"5B","18-19","2","Cleaning material purchase etc","199,000.00","Cleaning","","",""
"5B","18-19","3","Benches","199,000.00","Benches","","",""
"5B","18-19","4","Benches","197,897.14","Benches","","",""
"5B","18-19","5","Benches","197,288.94","Benches","","",""
"5B","18-19","6","Drainage works","199,000.00","Drainage","","",""
"5B","18-19","7","Drainage works","199,000.00","Drainage","","",""
"5B","18-19","8","Road Construction / Colouring Roads / Railing Work / Speed Breaker","199,000.00","Road","","",""
"5B","18-19","9","Road Construction / Colouring Roads / Railing Work / Speed Breaker","199,000.00","Road","","",""
"5B","18-19","10","Bags","199,000.00","Bags","","",""
"5C","18-19","1","Drainage works","197,332.88","Drainage","","",""
"5C","18-19","2","Building toilets / maintenance etc.","197,598.34","Toilet","","",""
"5C","18-19","3","Cleaning material purchase etc","200,000.00","Cleaning","","",""
"5C","18-19","4","Road Construction / Colouring Roads / Railing Work / Speed Breaker","189,932.27","Road","","",""
"5C","18-19","5","Distributing Dustbins/buckets","200,000.00","Dustbin/Buckets","","",""
"5C","18-19","6","Concretization","188,481.42","Concretization","","",""
"5C","18-19","7","Bags","100,000.00","Bags","","",""
"5C","18-19","8","Road Construction / Colouring Roads / Railing Work / Speed Breaker","185,997.01","Road","","",""
"5C","18-19","9","Benches","189,581.60","Benches","","",""
"5C","18-19","10","Drainage works","197,925.32","Drainage","","",""
"5D","18-19","1","Benches","169,603.10","Benches","","",""
"5D","18-19","2","Benches","169,603.10","Benches","","",""
"5D","18-19","3","Drainage works","160,679.70","Drainage","","",""
"5D","18-19","4","Road Construction / Colouring Roads / Railing Work / Speed Breaker","178,495.00","Road","","",""
"5D","18-19","5","Cleaning material purchase etc","160,906.72","Cleaning","","",""
"5D","18-19","6","Road Construction / Colouring Roads / Railing Work / Speed Breaker","160,466.40","Road","","",""
"5D","18-19","7","Drainage works","199,000.00","Drainage","","",""
"5D","18-19","8","Miscelleneous Development work","178,548.00","Development work","","",""
"5A","19-20","1","Road Construction / Colouring Roads / Railing Work / Speed Breaker","173,655.00","Road","","",""
"5A","19-20","2","Drainage works","171,610.00","Drainage","","",""
"5A","19-20","3","Concretization","161,914.00","Concretization","","",""
"5A","19-20","4","Drainage works","128,464.56","Drainage","","",""
"5A","19-20","5","Cleaning material purchase etc","161,883.00","Cleaning","","",""
"5A","19-20","6","Maintenance and cleaning works","161,861.00","Maintenance","","",""
"5A","19-20","7","Miscelleneous Development work","200,000.00","Development work","","",""
"5A","19-20","8","Miscelleneous Development work","157,932.00","Development work","","",""
"5B","19-20","1","Hospital / clinics/ medical facilities","132,115.25","Medical","","",""
"5B","19-20","2","Road Construction / Colouring Roads / Railing Work / Speed Breaker","155,322.25","Road","","",""
"5B","19-20","3","Cleaning material purchase etc","154,208.00","Cleaning","","",""
"5B","19-20","4","Road Construction / Colouring Roads / Railing Work / Speed Breaker","155,346.78","Road","","",""
"5B","19-20","5","Colouring works","139,658.00","Colouring","","",""
"5B","19-20","6","Drainage works","148,940.00","Drainage","","",""
"5B","19-20","7","Building toilets / maintenance etc.","149,516.00","Toilet","","",""
"5B","19-20","8","Cleaning material purchase etc","149,721.00","Cleaning","","",""
"5B","19-20","9","Bags","200,000.00","Bags","","",""
"5B","19-20","10","Road Construction / Colouring Roads / Railing Work / Speed Breaker","174,516.64","Road","","",""
"5C","19-20","1","Benches","200,000.00","Benches","","",""
"5C","19-20","2","Installation of Nameplates / Direction Boards / Sign Boards / Message Boards / Slogans Painting","197,940.00","Nameplates","","",""
"5C","19-20","3","Installation of Nameplates / Direction Boards / Sign Boards / Message Boards / Slogans Painting","179,546.00","Nameplates","","",""
"5C","19-20","4","Benches","163,058.39","Benches","","",""
"5C","19-20","5","Bags","200,000.00","Bags","","",""
"5C","19-20","6","Road Construction / Colouring Roads / Railing Work / Speed Breaker","178,347.00","Road","","",""
"5C","19-20","7","Road Construction / Colouring Roads / Railing Work / Speed Breaker","200,000.00","Road","","",""
"5C","19-20","8","Distributing Dustbins/buckets","200,000.00","Dustbin/Buckets","","",""
"5C","19-20","9","Cleaning material purchase etc","200,000.00","Cleaning","","",""
"5D","19-20","1","Road Construction / Colouring Roads / Railing Work / Speed Breaker","200,000.00","Road","","",""
"5D","19-20","2","Road Construction / Colouring Roads / Railing Work / Speed Breaker","155,322.25","Road","","",""
"5D","19-20","3","Drainage works","138,993.94","Drainage","","",""
"5D","19-20","4","Library sheds/ library maintenance","155,987.84","Library","","",""
"5D","19-20","5","Mainetnance and cleaning works","154,932.86","Maintenance","","",""
"5D","19-20","6","Road Construction / Colouring Roads / Railing Work / Speed Breaker","163,872.00","Road","","",""
"5D","19-20","7","Road Construction / Colouring Roads / Railing Work / Speed Breaker","158,406.00","Road","","",""
"5D","19-20","8","Drainage works","148,938.00","Drainage","","",""
"5D","19-20","9","Cleaning material purchase etc","149,721.00","Cleaning","","",""
"5D","19-20","10","Building toilets / maintenance etc.","148,732.00","Toilet","","",""
"5D","19-20","11","Bags","200,000.00","Bags","","",""
"5A","20-21","1","Disaster Relief Work / Contribution to PM Cares etc","199,350.00","Help / Fund / Relief Work","","",""
"5A","20-21","2","Bags","198,987.75","Bags","","",""
"5A","20-21","3","Building toilets / maintenance etc.","135,605.00","Toilet","","",""
"5A","20-21","4","Pavement Blocks / Grouting / Laying tiles","144,076.00","Pavement blocks","","",""
"5A","20-21","5","Cleaning material purchase etc","131,103.00","Cleaning","","",""
"5A","20-21","6","Disaster Relief Work / Contribution to PM Cares etc","195,500.00","Help / Fund / Relief Work","","",""
"5A","20-21","7","Cleaning material purchase etc","200,000.00","Cleaning","","",""
"5A","20-21","8","Cleaning material purchase etc","200,000.00","Cleaning","","",""
"5A","20-21","9","Road Construction / Colouring Roads / Railing Work / Speed Breaker","199,618.00","Road","","",""
"5A","20-21","10","Road Construction / Colouring Roads / Railing Work / Speed Breaker","199,618.00","Road","","",""
"5B","20-21","1","Disaster Relief Work / Contribution to PM Cares etc","199,316.00","Help / Fund / Relief Work","","",""
"5B","20-21","2","Disaster Relief Work / Contribution to PM Cares etc","199,947.55","Help / Fund / Relief Work","","",""
"5B","20-21","3","Drainage works","199,950.00","Drainage","","",""
"5B","20-21","4","Drainage works","195,500.00","Drainage","","",""
"5B","20-21","5","Disaster Relief Work / Contribution to PM Cares etc","199,600.00","Help / Fund / Relief Work","","",""
"5B","20-21","6","Building toilets / maintenance etc.","199,801.00","Toilet","","",""
"5B","20-21","7","Building toilets / maintenance etc.","199,793.00","Toilet","","",""
"5B","20-21","8","Drainage works","199,786.00","Drainage","","",""
"5B","20-21","9","Building toilets / maintenance etc.","199,785.30","Toilet","","",""
"5B","20-21","10","Market related works","199,949.00","Markets /Mandi","","",""
"5C","20-21","1","Disaster Relief Work / Contribution to PM Cares etc","200,000.00","Help / Fund / Relief Work","","",""
"5C","20-21","2","Disaster Relief Work / Contribution to PM Cares etc","195,500.00","Help / Fund / Relief Work","","",""
"5C","20-21","3","Bags","198,646.34","Bags","","",""
"5C","20-21","4","Disaster Relief Work / Contribution to PM Cares etc","199,305.00","Help / Fund / Relief Work","","",""
"5C","20-21","5","Distributing Dustbins/buckets","200,000.00","Dustbin/Buckets","","",""
"5C","20-21","6","Cleaning material purchase etc","200,000.00","Cleaning","","",""
"5C","20-21","7","Disaster Relief Work / Contribution to PM Cares etc","200,000.00","Help / Fund / Relief Work","","",""
"5C","20-21","8","Installation of Nameplates / Direction Boards / Sign Boards / Message Boards / Slogans Painting","195,326.61","Nameplates","","",""
"5C","20-21","9","Cleaning material purchase etc","200,000.00","Cleaning","","",""
"5C","20-21","10","Electrification/new street lights","200,000.00","Electrification","","",""
"5D","20-21","1","Building toilets / maintenance etc.","199,953.00","Toilet","","",""
"5D","20-21","2","Disaster Relief Work / Contribution to PM Cares etc","199,316.00","Help / Fund / Relief Work","","",""
"5D","20-21","3","Disaster Relief Work / Contribution to PM Cares etc","199,938.00","Help / Fund / Relief Work","","",""
"5D","20-21","4","Disaster Relief Work / Contribution to PM Cares etc","195,500.00","Help / Fund / Relief Work","","",""
"5D","20-21","5","Market related works","199,900.00","Markets /Mandi","","",""
"5D","20-21","6","Market related works","199,029.00","Markets /Mandi","","",""
"5D","20-21","7","Drainage works","199,711.00","Drainage","","",""
"5D","20-21","8","Drainage works","199,826.00","Drainage","","",""
"5D","20-21","9","Building toilets / maintenance etc.","199,778.00","Toilet","","",""
"5D","20-21","10","Cleaning material purchase etc","199,957.00","Cleaning","","",""
"5A","17-18","11","Drainage works","115,367.15","Drainage","","",""
"5A","17-18","12","Drainage works","163,402.00","Drainage","","",""
"5B","17-18","11","Drainage works","929,898.50","Drainage","","",""
"5B","17-18","12","Drainage works","978,789.57","Drainage","","",""
"5C","18-19","11","Drainage works","679,857.27","Drainage","","",""
"","","","","","","","",""
"","","","","","","","",""
"","","","","","","","",""
"","","","","","","","",""
"","","","","","","","",""
"","","","","","","","",""
"","","","","","","","",""
"","","","","","","","",""
"","","","","","","","",""
"","","","","","","","",""
"","","","","","","","",""
"","","","","","","","",""
"","","","","","","","",""
"","","","","","","","",""
"","","","","","","","",""
"","","","","","","","",""
"","","","","","","","",""
"","","","","","","","",""
"","","","","","","","",""
"","","","","","","","",""
"","","","","","","","",""
"","","","","","","","",""
"","","","","","","","",""
"","","","","","","","",""
"","","","","","","","",""
"","","","","","","","",""
"","","","","","","","",""
"","","","","","","","",""
"","","","","","","","",""
"","","","","","","","",""
"","","","","","","","",""
"","","","","","","","",""
"","","","","","","","",""
"","","","","","","","",""
"","","","","","","","",""
"","","","","","","","",""
"","","","","","","","",""
"","","","","","","","",""
"","","","","","","","",""
"","","","","","","","",""
"","","","","","","","",""
"","","","","","","","",""
"","","","","","","","",""
"","","","","","","","",""
"","","","","","","","",""
"","","","","","","","",""
"","","","","","","","",""
"","","","","","","","",""
"","","","","","","","",""
"","","","","","","","",""
"","","","","","","","",""
"","","","","","","","",""
"","","","","","","","",""
"","","","","","","","",""
"","","","","","","","",""
"","","","","","","","",""
"","","","","","","","",""
"","","","","","","","",""
"","","","","","","","",""
"","","","","","","","",""
"","","","","","","","",""
"","","","","","","","",""
"","","","","","","","",""
"","","","","","","","",""
"","","","","","","","",""
"","","","","","","","",""
"","","","","","","","",""
"","","","","","","","",""
"","","","","","","","",""
"","","","","","","","",""
"","","","","","","","",""
"","","","","","","","",""
"","","","","","","","",""
"","","","","","","","",""
"","","","","","","","",""
"","","","","","","","",""
"","","","","","","","",""
"","","","","","","","",""
"","","","","","","","",""
"","","","","","","","",""
"","","","","","","","",""
"","","","","","","","",""
"","","","","","","","",""
"","","","","","","","",""
"","","","","","","","",""
"","","","","","","","",""
"","","","","","","","",""
"","","","","","","","",""
"","","","","","","","",""
"","","","","","","","",""
"","","","","","","","",""
"","","","","","","","",""
"","","","","","","","",""
"","","","","","","","",""
"","","","","","","","",""
"","","","","","","","",""
"","","","","","","","",""
"","","","","","","","",""
"","","","","","","","",""
"","","","","","","","",""
"","","","","","","","",""
"","","","","","","","",""
"","","","","","","","",""
"","","","","","","","",""
"","","","","","","","",""
"","","","","","","","",""
"","","","","","","","",""
"","","","","","","","",""
"","","","","","","","",""
"","","","","","","","",""
"","","","","","","","",""
"","","","","","","","",""
"","","","","","","","",""
"","","","","","","","",""
"","","","","","","","",""
"","","","","","","","",""
"","","","","","","","",""
"","","","","","","","",""
"","","","","","","","",""
"","","","","","","","",""
"","","","","","","","",""
"","","","","","","","",""
"","","","","","","","",""
"","","","","","","","",""
"","","","","","","","",""
"","","","","","","","",""
"","","","","","","","",""
"","","","","","","","",""
"","","","","","","","",""
"","","","","","","","",""
"","","","","","","","",""
"","","","","","","","",""
"","","","","","","","",""
"","","","","","","","",""
"","","","","","","","",""
"","","","","","","","",""
"","","","","","","","",""
"","","","","","","","",""
"","","","","","","","",""
"","","","","","","","",""
"","","","","","","","",""
"","","","","","","","",""
"","","","","","","","",""
"","","","","","","","",""
"","","","","","","","",""
"","","","","","","","",""
"","","","","","","","",""
"","","","","","","","",""
"","","","","","","","",""
"","","","","","","","",""
"","","","","","","","",""
"","","","","","","","",""
"","","","","","","","",""
"","","","","","","","",""
"","","","","","","","",""
"","","","","","","","",""
"","","","","","","","",""
"","","","","","","","",""
"","","","","","","","",""
"","","","","","","","",""
"","","","","","","","",""
"","","","","","","","",""
"","","","","","","","",""
"","","","","","","","",""
"","","","","","","","",""
"","","","","","","","",""
"","","","","","","","",""
"","","","","","","","",""
"","","","","","","","",""
"","","","","","","","",""
"","","","","","","","",""
"","","","","","","","",""
"","","","","","","","",""
"","","","","","","","",""
"","","","","","","","",""
"","","","","","","","",""
"","","","","","","","",""
"","","","","","","","",""
"","","","","","","","",""
"","","","","","","","",""
"","","","","","","","",""
"","","","","","","","",""
"","","","","","","","",""
"","","","","","","","",""
"","","","","","","","",""
"","","","","","","","",""
"","","","","","","","",""
"","","","","","","","",""
"","","","","","","","",""
"","","","","","","","",""
"","","","","","","","",""
"","","","","","","","",""
"","","","","","","","",""
"","","","","","","","",""
"","","","","","","","",""
"","","","","","","","",""
"","","","","","","","",""
"","","","","","","","",""
"","","","","","","","",""
"","","","","","","","",""
"","","","","","","","",""
"","","","","","","","",""
"","","","","","","","",""
"","","","","","","","",""
"","","","","","","","",""
"","","","","","","","",""
"","","","","","","","",""
"","","","","","","","",""
"","","","","","","","",""
"","","","","","","","",""
"","","","","","","","",""
"","","","","","","","",""
"","","","","","","","",""
"","","","","","","","",""
"","","","","","","","",""
"","","","","","","","",""
"","","","","","","","",""
"","","","","","","","",""
"","","","","","","","",""
"","","","","","","","",""
"","","","","","","","",""
"","","","","","","","",""
"","","","","","","","",""
"","","","","","","","",""
"","","","","","","","",""
"","","","","","","","",""
"","","","","","","","",""
"","","","","","","","",""
"","","","","","","","",""
"","","","","","","","",""
"","","","","","","","",""
"","","","","","","","",""
"","","","","","","","",""
"","","","","","","","",""
"","","","","","","","",""
"","","","","","","","",""
"","","","","","","","",""
"","","","","","","","",""
"","","","","","","","",""
"","","","","","","","",""
"","","","","","","","",""
"","","","","","","","",""
"","","","","","","","",""
"","","","","","","","",""
"","","","","","","","",""
"","","","","","","","",""
"","","","","","","","",""
"","","","","","","","",""
"","","","","","","","",""
"","","","","","","","",""
"","","","","","","","",""
"","","","","","","","",""
"","","","","","","","",""
"","","","","","","","",""
"","","","","","","","",""
"","","","","","","","",""
"","","","","","","","",""
"","","","","","","","",""
"","","","","","","","",""
"","","","","","","","",""
"","","","","","","","",""
"","","","","","","","",""
"","","","","","","","",""
"","","","","","","","",""
"","","","","","","","",""
"","","","","","","","",""
"","","","","","","","",""
"","","","","","","","",""
"","","","","","","","",""
"","","","","","","","",""
"","","","","","","","",""
"","","","","","","","",""
"","","","","","","","",""
"","","","","","","","",""
"","","","","","","","",""
"","","","","","","","",""
"","","","","","","","",""
"","","","","","","","",""
"","","","","","","","",""
"","","","","","","","",""
"","","","","","","","",""
"","","","","","","","",""
"","","","","","","","",""
"","","","","","","","",""
"","","","","","","","",""
"","","","","","","","",""
"","","","","","","","",""
"","","","","","","","",""
"","","","","","","","",""
"","","","","","","","",""
"","","","","","","","",""
"","","","","","","","",""
"","","","","","","","",""
"","","","","","","","",""
"","","","","","","","",""
"","","","","","","","",""
"","","","","","","","",""
"","","","","","","","",""
"","","","","","","","",""
"","","","","","","","",""
"","","","","","","","",""
"","","","","","","","",""
"","","","","","","","",""
"","","","","","","","",""
"","","","","","","","",""
"","","","","","","","",""
"","","","","","","","",""
"","","","","","","","",""
"","","","","","","","",""
"","","","","","","","",""
"","","","","","","","",""
"","","","","","","","",""
"","","","","","","","",""
"","","","","","","","",""
"","","","","","","","",""
"","","","","","","","",""
"","","","","","","","",""
"","","","","","","","",""
"","","","","","","","",""
"","","","","","","","",""
"","","","","","","","",""
"","","","","","","","",""
"","","","","","","","",""
"","","","","","","","",""
"","","","","","","","",""
"","","","","","","","",""
"","","","","","","","",""
"","","","","","","","",""
"","","","","","","","",""
"","","","","","","","",""
"","","","","","","","",""
"","","","","","","","",""
"","","","","","","","",""
"","","","","","","","",""
"","","","","","","","",""
"","","","","","","","",""
"","","","","","","","",""
"","","","","","","","",""
"","","","","","","","",""
"","","","","","","","",""
"","","","","","","","",""
"","","","","","","","",""
"","","","","","","","",""
"","","","","","","","",""
"","","","","","","","",""
"","","","","","","","",""
"","","","","","","","",""
"","","","","","","","",""
"","","","","","","","",""
"","","","","","","","",""
"","","","","","","","",""
"","","","","","","","",""
"","","","","","","","",""
"","","","","","","","",""
"","","","","","","","",""
"","","","","","","","",""
"","","","","","","","",""
"","","","","","","","",""
"","","","","","","","",""
"","","","","","","","",""
"","","","","","","","",""
"","","","","","","","",""
"","","","","","","","",""
"","","","","","","","",""
"","","","","","","","",""
"","","","","","","","",""
"","","","","","","","",""
"","","","","","","","",""
"","","","","","","","",""
"","","","","","","","",""
"","","","","","","","",""
"","","","","","","","",""
"","","","","","","","",""
"","","","","","","","",""
"","","","","","","","",""
"","","","","","","","",""
"","","","","","","","",""
"","","","","","","","",""
"","","","","","","","",""
"","","","","","","","",""
"","","","","","","","",""
"","","","","","","","",""
"","","","","","","","",""
"","","","","","","","",""
"","","","","","","","",""
"","","","","","","","",""
"","","","","","","","",""
"","","","","","","","",""
"","","","","","","","",""
"","","","","","","","",""
"","","","","","","","",""
"","","","","","","","",""
"","","","","","","","",""
"","","","","","","","",""
"","","","","","","","",""
"","","","","","","","",""
"","","","","","","","",""
"","","","","","","","",""
"","","","","","","","",""
"","","","","","","","",""
"","","","","","","","",""
"","","","","","","","",""
"","","","","","","","",""
"","","","","","","","",""
"","","","","","","","",""
"","","","","","","","",""
"","","","","","","","",""
"","","","","","","","",""
"","","","","","","","",""
"","","","","","","","",""
"","","","","","","","",""
"","","","","","","","",""
"","","","","","","","",""
"","","","","","","","",""
"","","","","","","","",""
"","","","","","","","",""
"","","","","","","","",""
"","","","","","","","",""
"","","","","","","","",""
"","","","","","","","",""
"","","","","","","","",""
"","","","","","","","",""
"","","","","","","","",""
"","","","","","","","",""
"","","","","","","","",""
"","","","","","","","",""
"","","","","","","","",""
"","","","","","","","",""
"","","","","","","","",""
"","","","","","","","",""
"","","","","","","","",""
"","","","","","","","",""
"","","","","","","","",""
"","","","","","","","",""
"","","","","","","","",""
"","","","","","","","",""
"","","","","","","","",""
"","","","","","","","",""
"","","","","","","","",""
"","","","","","","","",""
"","","","","","","","",""
"","","","","","","","",""
"","","","","","","","",""
"","","","","","","","",""
"","","","","","","","",""
"","","","","","","","",""
"","","","","","","","",""
"","","","","","","","",""
"","","","","","","","",""
"","","","","","","","",""
"","","","","","","","",""
"","","","","","","","",""
"","","","","","","","",""
"","","","","","","","",""
"","","","","","","","",""
"","","","","","","","",""
"","","","","","","","",""
"","","","","","","","",""
"","","","","","","","",""
"","","","","","","","",""
"","","","","","","","",""
"","","","","","","","",""
"","","","","","","","",""
"","","","","","","","",""
"","","","","","","","",""
"","","","","","","","",""
"","","","","","","","",""
"","","","","","","","",""
"","","","","","","","",""
"","","","","","","","",""
"","","","","","","","",""
"","","","","","","","",""
"","","","","","","","",""
"","","","","","","","",""
"","","","","","","","",""
"","","","","","","","",""
"","","","","","","","",""
"","","","","","","","",""
"","","","","","","","",""
"","","","","","","","",""
"","","","","","","","",""
"","","","","","","","",""
"","","","","","","","",""
"","","","","","","","",""
"","","","","","","","",""
"","","","","","","","",""
"","","","","","","","",""
"","","","","","","","",""
"","","","","","","","",""
"","","","","","","","",""
"","","","","","","","",""
"","","","","","","","",""
"","","","","","","","",""
"","","","","","","","",""
"","","","","","","","",""
"","","","","","","","",""
"","","","","","","","",""
"","","","","","","","",""
"","","","","","","","",""
"","","","","","","","",""
"","","","","","","","",""
"","","","","","","","",""
"","","","","","","","",""
"","","","","","","","",""
"","","","","","","","",""
"","","","","","","","",""
"","","","","","","","",""
"","","","","","","","",""
"","","","","","","","",""
"","","","","","","","",""
"","","","","","","","",""
"","","","","","","","",""
"","","","","","","","",""
"","","","","","","","",""
"","","","","","","","",""
"","","","","","","","",""
"","","","","","","","",""
"","","","","","","","",""
"","","","","","","","",""
"","","","","","","","",""
"","","","","","","","",""
"","","","","","","","",""
"","","","","","","","",""
"","","","","","","","",""
"","","","","","","","",""
"","","","","","","","",""
"","","","","","","","",""
"","","","","","","","",""
"","","","","","","","",""
"","","","","","","","",""
"","","","","","","","",""
"","","","","","","","",""
"","","","","","","","",""
"","","","","","","","",""
"","","","","","","","",""
"","","","","","","","",""
"","","","","","","","",""
"","","","","","","","",""
"","","","","","","","",""
"","","","","","","","",""
"","","","","","","","",""
"","","","","","","","",""
"","","","","","","","",""
"","","","","","","","",""
"","","","","","","","",""
"","","","","","","","",""
"","","","","","","","",""
"","","","","","","","",""
"","","","","","","","",""
"","","","","","","","",""
"","","","","","","","",""
"","","","","","","","",""
"","","","","","","","",""
"","","","","","","","",""
"","","","","","","","",""
"","","","","","","","",""
"","","","","","","","",""
"","","","","","","","",""
"","","","","","","","",""
"","","","","","","","",""
"","","","","","","","",""
"","","","","","","","",""
"","","","","","","","",""
"","","","","","","","",""
"","","","","","","","",""
"","","","","","","","",""
"","","","","","","","",""
"","","","","","","","",""
"","","","","","","","",""
"","","","","","","","",""
