-- phpMyAdmin SQL Dump
-- version 4.5.1
-- http://www.phpmyadmin.net
--
-- Host: 127.0.0.1
-- Generation Time: May 23, 2016 at 11:41 AM
-- Server version: 5.7.9
-- PHP Version: 5.6.15

SET SQL_MODE = "NO_AUTO_VALUE_ON_ZERO";
SET time_zone = "+00:00";


/*!40101 SET @OLD_CHARACTER_SET_CLIENT=@@CHARACTER_SET_CLIENT */;
/*!40101 SET @OLD_CHARACTER_SET_RESULTS=@@CHARACTER_SET_RESULTS */;
/*!40101 SET @OLD_COLLATION_CONNECTION=@@COLLATION_CONNECTION */;
/*!40101 SET NAMES utf8mb4 */;

--
-- Database: `csv_db`
--

-- --------------------------------------------------------

--
-- Table structure for table `attendance`
--

DROP TABLE IF EXISTS `attendance`;
CREATE TABLE IF NOT EXISTS `attendance` (
  `Prabhag_No` varchar(3) DEFAULT NULL,
  `Year` varchar(11) DEFAULT NULL,
  `Questions` int(3) DEFAULT NULL,
  `GB_Attendance` int(4) DEFAULT NULL,
  `GB_Meetings` int(4) DEFAULT NULL,
  `Atendance_Percentage` float DEFAULT NULL
) ENGINE=MyISAM DEFAULT CHARSET=utf8;

--
-- Dumping data for table `attendance`
--

INSERT INTO `attendance` (`Prabhag_No`, `Year`, `Questions`, `GB_Attendance`, `GB_Meetings`, `Atendance_Percentage`) VALUES
('30A', '2012 - 2013', 0, 35, 66, 53.03),
('30A', '2013 - 2014', 0, 59, 77, 76.62),
('30A', '2014 - 2015', 0, 70, 116, 60.34),
('32B', '2012 - 2013', 2, 41, 66, 62.12),
('32B', '2013 - 2014', 0, 50, 77, 64.94),
('32B', '2014 - 2015', 0, 57, 116, 49.14),
('35B', '2012 - 2013', 0, 56, 66, 84.85),
('35B', '2013 - 2014', 1, 57, 77, 74.03),
('35B', '2014 - 2015', 0, 34, 116, 29.31),
('30A', '2012 - 2013', 0, 35, 66, 53.03),
('30A', '2013 - 2014', 0, 59, 77, 76.62),
('30A', '2014 - 2015', 0, 70, 116, 60.34),
('32B', '2012 - 2013', 2, 41, 66, 62.12),
('32B', '2013 - 2014', 0, 50, 77, 64.94),
('32B', '2014 - 2015', 0, 57, 116, 49.14),
('35B', '2012 - 2013', 0, 56, 66, 84.85),
('35B', '2013 - 2014', 1, 57, 77, 74.03),
('35B', '2014 - 2015', 0, 34, 116, 29.31);

-- --------------------------------------------------------

--
-- Table structure for table `codes`
--

DROP TABLE IF EXISTS `codes`;
CREATE TABLE IF NOT EXISTS `codes` (
  `Work_Type` varchar(39) DEFAULT NULL,
  `Code` varchar(4) DEFAULT NULL
) ENGINE=MyISAM DEFAULT CHARSET=utf8;

--
-- Dumping data for table `codes`
--

INSERT INTO `codes` (`Work_Type`, `Code`) VALUES
('Work type', 'Code'),
('Benches', 'B'),
('Pavement blocks', 'P'),
('Footpath work', 'F'),
('Concretization ', 'C'),
('Dustbin distribution/ Buckets', 'DB'),
('Jute bags', 'J'),
('Computers', 'CO'),
('Samaj Mandir/ Related work/ Renovation', 'SM'),
('Drainage work/ Laying of Drainage line', 'D'),
('Water supply', 'W'),
('Maintenance/cleaning', 'M'),
('Gym/ gym equipments', 'GY'),
('Garden work', 'G'),
('Electrification, new street lights', 'E'),
('Colouring roads/ Railing Work/Road Work', 'R'),
('Laying of Tiles', 'T'),
('Drainage work+ Concretisation', 'D+C'),
('Toilet Renovation/Maintenance', 'TO'),
('Laying of Tiles+Concretisation', 'T+C'),
('Building of Toilets', 'BT'),
('Building of Bus stop shed', 'BS'),
('Colouring of Tiles ', 'CT'),
('Building Library', 'L'),
('Installation of Nameplates', 'N'),
('Road works', 'RW'),
('Direction/Information/Sign Boards', 'SB'),
('Furniture work', 'FW'),
('Fencing ', 'FE'),
('Develpoment Work', 'DW'),
('Buying sewing machines', 'S'),
('Cladding for Buildings', 'CB'),
('Construction of walls', 'WC');

-- --------------------------------------------------------

--
-- Table structure for table `csv_data`
--

DROP TABLE IF EXISTS `csv_data`;
CREATE TABLE IF NOT EXISTS `csv_data` (
  `Year` varchar(30) DEFAULT NULL,
  `Details_Of_Work` varchar(100) DEFAULT NULL,
  `Amount` decimal(15,2) DEFAULT NULL,
  `Code` varchar(30) DEFAULT NULL,
  `Prabhag_No` varchar(3) NOT NULL
) ENGINE=MyISAM DEFAULT CHARSET=utf8;

--
-- Dumping data for table `csv_data`
--

INSERT INTO `csv_data` (`Year`, `Details_Of_Work`, `Amount`, `Code`, `Prabhag_No`) VALUES
('2012 - 2013', 'Benches', '172070.00', 'B', '21B'),
('2012 - 2013', 'Building of Bus stop shed', '60000.00', 'BS', '21B'),
('2012 - 2013', 'Building stainless steel bolard', '157232.00', 'SSB', '21B'),
('2012 - 2013', 'Samaj Mandir', '107568.00', 'SM', '21B'),
('2012 - 2013', 'Drainage work', '20000.00', 'D', '21B'),
('2012 - 2013', 'Benches', '200000.00', 'B', '21B'),
('2012 - 2013', 'Bore wells', '198000.00', 'BW', '21B'),
('2012 - 2013', 'Installation and maintenance of water pipe lines', '198000.00', 'WP', '21B'),
('2012 - 2013', 'Installation and maintenance of water pipe lines', '198000.00', 'WP', '21B'),
('2012 - 2013', 'Garden work', '200000.00', 'G', '21B'),
('2013 - 2014', 'Footpath work', '167289.00', 'F', '21B'),
('2013 - 2014', 'Dustbin distribution/ Buckets', '200000.00', 'DB', '21B'),
('2013 - 2014', 'Maintenance/cleaning', '161226.00', 'M', '21B'),
('2013 - 2014', 'Making Speedbreakers', '200000.00', 'MS', '21B'),
('2014 - 2015', 'Electrification', '151364.00', 'E', '21B'),
('2014 - 2015', 'Benches', '169584.00', 'B', '21B'),
('2014 - 2015', 'Bore wells', '161913.00', 'BW', '21B'),
('2014 - 2015', 'Bore wells', '165296.00', 'BW', '21B'),
('2014 - 2015', 'Computers', '200000.00', 'CO', '21B'),
('2014 - 2015', 'Benches', '160192.00', 'B', '21B'),
('2014 - 2015', 'Furniture work', '200000.00', 'FW', '21B'),
('2014 - 2015', 'Pavement block', '169510.00', 'P', '21B'),
('2014 - 2015', 'Concretization ', '169957.00', 'C', '21B'),
('2014 - 2015', 'Concretization ', '200000.00', 'C', '21B'),
('2014 - 2015', 'Water supply', '168866.00', 'W', '21B'),
('2014 - 2015', 'Architectural work', '179187.00', 'AW', '21B'),
('2012 - 2013', 'Fire brigade waterproofing', '132045.00', 'FB', '22A'),
('2012 - 2013', 'Benches', '167117.00', 'B', '22A'),
('2012 - 2013', 'Drainage work', '62843.00', 'D', '22A'),
('2012 - 2013', 'Toilet Renovation', '78879.00', 'TO', '22A'),
('2012 - 2013', 'Drainage work+ Concretisation', '140777.00', 'D+C', '22A'),
('2012 - 2013', 'Drainage work+ Concretisation', '148635.00', 'D+C', '22A'),
('2012 - 2013', 'Toilet Renovation and related work', '188556.00', 'TO', '22A'),
('2012 - 2013', 'Toilet Renovation and related work', '99607.00', 'TO', '22A'),
('2012 - 2013', 'Building of Shed for senior citizens', '200000.00', 'BSS', '22A'),
('2012 - 2013', 'Building of Bus stop', '200000.00', 'BBT', '22A'),
('2013 - 2014', 'Laying of Tiles+Concretisation', '147380.00', 'T+C', '22A'),
('2013 - 2014', 'Develpoment Work', '147107.00', 'DW', '22A'),
('2013 - 2014', 'Benches', '156752.00', 'B', '22A'),
('2013 - 2014', 'Dustbin distribution/ Buckets', '200000.00', 'DB', '22A'),
('2013 - 2014', 'Building of Bus stop', '145427.00', 'BBT', '22A'),
('2013 - 2014', 'Building of Bus stop', '132390.00', 'BBT', '22A'),
('2013 - 2014', 'Wheelbarrow purchasing', '200000.00', 'WBP', '22A'),
('2013 - 2014', 'Fire brigade interlocking block', '156170.00', 'FBI', '22A'),
('2014 - 2015', 'Develpoment Work', '193948.00', 'DW', '22A'),
('2014 - 2015', 'Benches', '198513.00', 'B', '22A'),
('2014 - 2015', 'Computers', '200000.00', 'CO', '22A'),
('2014 - 2015', 'Computers', '200000.00', 'CO', '22A'),
('2014 - 2015', 'Dustbin distribution/ Buckets', '200000.00', 'DB', '22A'),
('2014 - 2015', 'Samaj Mandir/ Related work/ Renovation', '181582.00', 'SM', '22A'),
('2014 - 2015', 'Samaj Mandir/ Related work/ Renovation', '199294.00', 'SM', '22A'),
('2014 - 2015', 'Electrification', '183470.00', 'E', '22A'),
('2014 - 2015', 'Water supply/Waterproofing', '171196.00', 'W', '22A'),
('2014 - 2015', 'Benches', '16289.00', 'B', '22A'),
('2014 - 2015', 'Wheelbarrow ', '200000.00', 'WB', '22A'),
('2014 - 2015', 'Samaj Mandir/ Related work/ Renovation', '200000.00', 'SM', '22A'),
('2014 - 2015', 'Samaj Mandir/ Related work/ Renovation', '200000.00', 'SM', '22A'),
('2012 - 2013', 'Buckets distribution', '200000.00', 'DB', '26B'),
('2012 - 2013', 'Benches at various places', '281000.00', 'B', '26B'),
('2012 - 2013', 'Providing Gym equipments', '156000.00', 'GY', '26B'),
('2012 - 2013', 'Drainage work', '284000.00', 'D', '26B'),
('2012 - 2013', 'Maintenance work', '106000.00', 'M', '26B'),
('2012 - 2013', 'Construction of Shed at Samaj Mandir', '200000.00', 'SM', '26B'),
('2013 - 2014', 'Computers distribution', '400000.00', 'CO', '26B'),
('2013 - 2014', 'Electrification,Street lights', '255000.00', 'E', '26B'),
('2013 - 2014', 'Installation of Benches', '154000.00', 'B', '26B'),
('2013 - 2014', 'Buckets distribution', '200000.00', 'DB', '26B'),
('2013 - 2014', 'Jute bags distribution', '200000.00', 'J', '26B'),
('2014 - 2015', 'Drainage/chamber work', '852000.00', 'D', '26B'),
('2014 - 2015', 'Electrification', '252000.00', 'E', '26B'),
('2014 - 2015', 'Tin shed installation in school', '169000.00', 'DW', '26B'),
('2013 - 2014', 'Building of Bus stop', '145427.00', 'BBT', '26B'),
('2013 - 2014', 'Building of Bus stop', '132390.00', 'BBT', '26B'),
('2013 - 2014', 'Wheelbarrow purchasing', '200000.00', 'WBP', '26B'),
('2013 - 2014', 'Fire brigade interlocking block', '156170.00', 'FBI', '26B'),
('2014 - 2015', 'Develpoment Work', '193948.00', 'DW', '26B'),
('2014 - 2015', 'Benches', '198513.00', 'B', '26B'),
('2014 - 2015', 'Computers', '200000.00', 'CO', '26B'),
('2014 - 2015', 'Computers', '200000.00', 'CO', '26B'),
('2014 - 2015', 'Dustbin distribution/ Buckets', '200000.00', 'DB', '26B'),
('2014 - 2015', 'Samaj Mandir/ Related work/ Renovation', '181582.00', 'SM', '26B'),
('2014 - 2015', 'Samaj Mandir/ Related work/ Renovation', '199294.00', 'SM', '26B'),
('2014 - 2015', 'Electrification', '183470.00', 'E', '26B'),
('2014 - 2015', 'Water supply/Waterproofing', '171196.00', 'W', '26B'),
('2014 - 2015', 'Benches', '16289.00', 'B', '26B'),
('2014 - 2015', 'Wheelbarrow ', '200000.00', 'WB', '26B'),
('2014 - 2015', 'Samaj Mandir/ Related work/ Renovation', '200000.00', 'SM', '26B'),
('2014 - 2015', 'Samaj Mandir/ Related work/ Renovation', '200000.00', 'SM', '26B'),
('2012 - 2013', 'Buckets distribution', '394000.00', 'DB', '29A'),
('2012 - 2013', 'Pavement blocks', '299000.00', 'P', '29A'),
('2012 - 2013', 'Concretization ', '148000.00', 'C', '29A'),
('2012 - 2013', 'Installation of Benches', '158000.00', 'B', '29A'),
('2012 - 2013', 'New street lights', '226000.00', 'E', '29A'),
('2012 - 2013', 'Jute bags distribution', '198000.00', 'J', '29A'),
('2013 - 2014', 'Electrification work at various places', '299000.00', 'E', '29A'),
('2013 - 2014', 'Water supply', '157000.00', 'W', '29A'),
('2013 - 2014', 'Footpath work', '158000.00', 'F', '29A'),
('2013 - 2014', 'Concretization ', '280000.00', 'C', '29A'),
('2013 - 2014', 'Purchasing buckets for garbage collection', '200000.00', 'WD', '29A'),
('2013 - 2014', 'Drainage work', '136000.00', 'D', '29A'),
('2014 - 2015', 'Drainage work', '298000.00', 'D', '29A'),
('2014 - 2015', 'Installation of Benches', '298000.00', 'B', '29A'),
('2013 - 2014', 'Building of Bus stop', '145427.00', 'BBT', '29A'),
('2013 - 2014', 'Building of Bus stop', '132390.00', 'BBT', '29A'),
('2013 - 2014', 'Wheelbarrow purchasing', '200000.00', 'WBP', '29A'),
('2013 - 2014', 'Fire brigade interlocking block', '156170.00', 'FBI', '29A'),
('2014 - 2015', 'Develpoment Work', '193948.00', 'DW', '29A'),
('2014 - 2015', 'Benches', '198513.00', 'B', '29A'),
('2014 - 2015', 'Computers', '200000.00', 'CO', '29A'),
('2014 - 2015', 'Computers', '200000.00', 'CO', '29A'),
('2014 - 2015', 'Dustbin distribution/ Buckets', '200000.00', 'DB', '29A'),
('2014 - 2015', 'Samaj Mandir/ Related work/ Renovation', '181582.00', 'SM', '29A'),
('2014 - 2015', 'Samaj Mandir/ Related work/ Renovation', '199294.00', 'SM', '29A'),
('2014 - 2015', 'Electrification', '183470.00', 'E', '29A'),
('2014 - 2015', 'Water supply/Waterproofing', '171196.00', 'W', '29A'),
('2014 - 2015', 'Benches', '16289.00', 'B', '29A'),
('2014 - 2015', 'Wheelbarrow ', '200000.00', 'WB', '29A'),
('2014 - 2015', 'Samaj Mandir/ Related work/ Renovation', '200000.00', 'SM', '29A'),
('2014 - 2015', 'Samaj Mandir/ Related work/ Renovation', '200000.00', 'SM', '29A'),
('2012 - 2013', 'Jute bags', '100000.00', 'J', '30A'),
('2012 - 2013', 'Maintenance/cleaning', '158739.78', 'M', '30A'),
('2012 - 2013', 'Benches at various places', '147435.71', 'B', '30A'),
('2012 - 2013', 'Electrification- Energy saving fitting work', '111468.30', 'E', '30A'),
('2012 - 2013', 'Electrification- Energy saving fitting work', '112324.07', 'E', '30A'),
('2012 - 2013', 'Installation of Nameplates and direction boards', '161074.89', 'N', '30A'),
('2012 - 2013', 'Installation of Nameplates and direction boards', '95298.45', 'N', '30A'),
('2012 - 2013', 'Benches at various places', '138199.79', 'B', '30A'),
('2012 - 2013', 'Bore well', '181876.27', 'BW', '30A'),
('2012 - 2013', 'Water supply line', '39645.27', 'W', '30A'),
('2013 - 2014', 'Installation of Nameplates and direction boards', '74548.10', 'N', '30A'),
('2013 - 2014', 'Road works', '166390.56', 'RW', '30A'),
('2013 - 2014', 'Drainage line', '143851.97', 'D', '30A'),
('2013 - 2014', 'Concretization work', '78903.87', 'C', '30A'),
('2013 - 2014', 'Benches at various places', '147125.81', 'B', '30A'),
('2013 - 2014', 'Benches at various places', '146223.63', 'B', '30A'),
('2013 - 2014', 'Drainage chambers cleaning', '72176.26', 'D', '30A'),
('2014 - 2015', 'Installation of Nameplates and direction boards', '150438.66', 'N', '30A'),
('2014 - 2015', 'Installation of Nameplates and direction boards', '94571.75', 'N', '30A'),
('2015 - 2016', 'Drainage chambers cleaning', '139417.41', 'D', '30A'),
('2015 - 2016', 'Drainage chambers cleaning', '138983.19', 'D', '30A'),
('2015 - 2016', 'Drainage chambers cleaning', '125008.38', 'D', '30A'),
('2015 - 2016', 'Fencing to canals', '161138.68', 'E', '30A'),
('2015 - 2016', 'Maintenance/cleaning', '148832.26', 'M', '30A'),
('2015 - 2016', 'Installation of Nameplates and direction boards', '143231.73', 'N', '30A'),
('2015 - 2016', 'Maintenance/cleaning', '144753.16', 'M', '30A'),
('2015 - 2016', 'Road maintenance work', '191617.20', 'R', '30A'),
('2014 - 2015', 'Benches', '16289.00', 'B', '30A'),
('2014 - 2015', 'Wheelbarrow ', '200000.00', 'WB', '30A'),
('2014 - 2015', 'Samaj Mandir/ Related work/ Renovation', '200000.00', 'SM', '30A'),
('2014 - 2015', 'Samaj Mandir/ Related work/ Renovation', '200000.00', 'SM', '30A'),
('2012 - 2013', 'Benches at various places', '81556.36', 'B', '30B'),
('2012 - 2013', 'Benches at various places', '131540.60', 'B', '30B'),
('2012 - 2013', 'Benches at various places', '156323.78', 'B', '30B'),
('2012 - 2013', 'Benches at various places', '179316.23', 'B', '30B'),
('2012 - 2013', 'Drainage chambers cleaning', '85229.57', 'D', '30B'),
('2012 - 2013', 'Computers in School', '196880.00', 'CO', '30B'),
('2012 - 2013', 'Installation of Nameplates and direction boards', '149819.80', 'N', '30B'),
('2012 - 2013', 'Water supply line', '75972.39', 'W', '30B'),
('2012 - 2013', 'Water supply line', '156352.60', 'W', '30B'),
('2012 - 2013', 'Electrification work in school', '112445.95', 'E', '30B'),
('2013 - 2014', 'Drainage chambers cleaning', '177593.88', 'D', '30B'),
('2013 - 2014', 'Benches at various places', '155705.84', 'B', '30B'),
('2013 - 2014', 'Benches at various places', '156700.47', 'B', '30B'),
('2013 - 2014', 'Benches at various places', '157616.59', 'B', '30B'),
('2013 - 2014', 'Benches at various places', '155725.55', 'B', '30B'),
('2013 - 2014', 'Electrification work- Street lights', '133147.49', 'E', '30B'),
('2013 - 2014', 'Drainage line and chambers repairing', '138323.24', 'D', '30B'),
('2014 - 2015', 'Drainage line and chambers repairing', '150438.66', 'D', '30B'),
('2014 - 2015', 'Electrification work- Street lights', '146938.01', 'E', '30B'),
('2014 - 2015', 'Benches at various places', '149446.97', 'B', '30B'),
('2014 - 2015', 'Benches at various places', '150438.66', 'B', '30B'),
('2014 - 2015', 'Drainage line and chambers repairing', '162873.99', 'D', '30B'),
('2014 - 2015', 'Drainage line and chambers repairing', '195602.25', 'D', '30B'),
('2014 - 2015', 'Benches at various places', '195765.63', 'B', '30B'),
('2014 - 2015', 'Benches at various places', '195765.63', 'B', '30B'),
('2014 - 2015', 'Installation of Nameplates and direction boards', '199560.22', 'N', '30B'),
('2015 - 2016', 'Road maintenance work', '191617.20', 'R', '30B'),
('2014 - 2015', 'Benches', '16289.00', 'B', '30B'),
('2014 - 2015', 'Wheelbarrow ', '200000.00', 'WB', '30B'),
('2014 - 2015', 'Samaj Mandir/ Related work/ Renovation', '200000.00', 'SM', '30B'),
('2014 - 2015', 'Samaj Mandir/ Related work/ Renovation', '200000.00', 'SM', '30B'),
('2012 - 2013', 'Benches at various places', '159980.00', 'B', '32B'),
('2012 - 2013', 'Benches at various places', '55018.58', 'B', '32B'),
('2012 - 2013', 'Benches at various places', '55018.58', 'B', '32B'),
('2012 - 2013', 'Benches at various places', '75365.55', 'B', '32B'),
('2012 - 2013', 'Computers in Schools', '196880.00', 'CO', '32B'),
('2012 - 2013', 'Road works', '167942.72', 'RW', '32B'),
('2012 - 2013', 'Maintenance/cleaning', '159540.00', 'M', '32B'),
('2013 - 2014', 'Benches at various places', '163694.95', 'B', '32B'),
('2013 - 2014', 'Road works', '166784.63', 'RW', '32B'),
('2013 - 2014', 'Road works', '191535.36', 'RW', '32B'),
('2013 - 2014', 'Road works', '158715.08', 'RW', '32B'),
('2013 - 2014', 'Installation of Nameplates and direction boards', '155987.98', 'N', '32B'),
('2013 - 2014', 'Maintenance/cleaning', '151572.00', 'M', '32B'),
('2013 - 2014', 'Installation of Nameplates and direction boards', '144285.09', 'N', '32B'),
('2014 - 2015', 'Maintenance/cleaning', '165570.92', 'M', '32B'),
('2014 - 2015', 'Installation of Nameplates and direction boards', '109208.68', 'N', '32B'),
('2014 - 2015', 'Electrification-Street lights', '137230.32', 'E', '32B'),
('2014 - 2015', 'Installation of Nameplates and direction boards', '146331.14', 'N', '32B'),
('2014 - 2015', 'Benches at various places', '130378.96', 'B', '32B'),
('2014 - 2015', 'Benches at various places', '136758.48', 'B', '32B'),
('2014 - 2015', 'Develpoment Work in schools', '162075.72', 'DW', '32B'),
('2015 - 2016', 'Maintenance/cleaning', '152744.99', 'M', '32B'),
('2015 - 2016', 'Installation of Nameplates and direction boards', '126045.27', 'N', '32B'),
('2015 - 2016', 'Installation of Nameplates and direction boards', '137210.44', 'N', '32B'),
('2015 - 2016', 'Benches at various places', '144388.50', 'B', '32B'),
('2015 - 2016', 'Drainage line cleaning', '194428.54', 'D', '32B'),
('2015 - 2016', 'Street lights', '181097.70', 'E', '32B'),
('2015 - 2016', 'Street lights', '179926.70', 'E', '32B'),
('2014 - 2015', 'Wheelbarrow ', '200000.00', 'WB', '32B'),
('2014 - 2015', 'Samaj Mandir/ Related work/ Renovation', '200000.00', 'SM', '32B'),
('2014 - 2015', 'Samaj Mandir/ Related work/ Renovation', '200000.00', 'SM', '32B'),
('2012 - 2013', 'Benches at various places', '129578.46', 'B', '35A'),
('2012 - 2013', 'Installation of Nameplates and direction boards', '148865.81', 'N', '35A'),
('2012 - 2013', 'Installation of Nameplates and direction boards', '149079.54', 'N', '35A'),
('2012 - 2013', 'Benches at various places', '113986.53', 'B', '35A'),
('2012 - 2013', 'Benches at various places', '132395.80', 'B', '35A'),
('2012 - 2013', 'Waste disposal', '72691.60', 'WD', '35A'),
('2012 - 2013', 'Waste disposal', '72691.30', 'WD', '35A'),
('2013 - 2014', 'Installation of Nameplates and direction boards', '157950.23', 'N', '35A'),
('2013 - 2014', 'Installation of Nameplates and direction boards', '157950.23', 'N', '35A'),
('2014 - 2015', 'Benches at various places', '143017.58', 'B', '35A'),
('2014 - 2015', 'Benches at various places', '149214.95', 'B', '35A'),
('2014 - 2015', 'Road Works', '57220.14', 'RW', '35A'),
('2014 - 2015', 'Installation of Nameplates and direction boards', '54792.20', 'N', '35A'),
('2014 - 2015', 'Drainage line repairing', '26244.11', 'D', '35A'),
('2014 - 2015', 'Maintenance/cleaning', '165570.92', 'M', '35A'),
('2014 - 2015', 'Installation of Nameplates and direction boards', '109208.68', 'N', '35A'),
('2014 - 2015', 'Electrification-Street lights', '137230.32', 'E', '35A'),
('2014 - 2015', 'Installation of Nameplates and direction boards', '146331.14', 'N', '35A'),
('2014 - 2015', 'Benches at various places', '130378.96', 'B', '35A'),
('2014 - 2015', 'Benches at various places', '136758.48', 'B', '35A'),
('2014 - 2015', 'Develpoment Work in schools', '162075.72', 'DW', '35A'),
('2015 - 2016', 'Maintenance/cleaning', '152744.99', 'M', '35A'),
('2015 - 2016', 'Installation of Nameplates and direction boards', '126045.27', 'N', '35A'),
('2015 - 2016', 'Installation of Nameplates and direction boards', '137210.44', 'N', '35A'),
('2015 - 2016', 'Benches at various places', '144388.50', 'B', '35A'),
('2015 - 2016', 'Drainage line cleaning', '194428.54', 'D', '35A'),
('2015 - 2016', 'Street lights', '181097.70', 'E', '35A'),
('2015 - 2016', 'Street lights', '179926.70', 'E', '35A'),
('2014 - 2015', 'Wheelbarrow ', '200000.00', 'WB', '35A'),
('2014 - 2015', 'Samaj Mandir/ Related work/ Renovation', '200000.00', 'SM', '35A'),
('2014 - 2015', 'Samaj Mandir/ Related work/ Renovation', '200000.00', 'SM', '35A'),
('2012 - 2013', 'Benches at various places', '132495.33', 'B', '35B'),
('2012 - 2013', 'Installation of Nameplates and direction boards', '127897.06', 'N', '35B'),
('2012 - 2013', 'Installation of Nameplates and direction boards', '36596.91', 'N', '35B'),
('2013 - 2014', 'Installation of Nameplates and direction boards', '116919.76', 'N', '35B'),
('2013 - 2014', 'Installation of Nameplates and direction boards', '99066.56', 'N', '35B'),
('2013 - 2014', 'Installation of Nameplates and direction boards', '151523.01', 'N', '35B'),
('2013 - 2014', 'Benches at various places', '132390.58', 'B', '35B'),
('2014 - 2015', 'Road works', '87971.14', 'RW', '35B'),
('2014 - 2015', 'Installation of Nameplates and direction boards', '61034.76', 'N', '35B'),
('2014 - 2015', 'Fencing', '44336.98', 'FE', '35B'),
('2015 - 2016', 'Fencing', '143691.32', 'FE', '35B'),
('2015 - 2016', 'Installation of Nameplates and direction boards', '139056.07', 'N', '35B'),
('2015 - 2016', 'Benches at various places', '115995.75', 'B', '35B'),
('2015 - 2016', 'Benches at various places', '118934.31', 'B', '35B'),
('2015 - 2016', 'Waste disposal- vermi cmpost', '162013.27', 'WD', '35B'),
('2015 - 2016', 'Benches at various places', '152748.05', 'B', '35B'),
('2015 - 2016', 'Benches at various places', '60444.00', 'B', '35B'),
('2014 - 2015', 'Installation of Nameplates and direction boards', '146331.14', 'N', '35B'),
('2014 - 2015', 'Benches at various places', '130378.96', 'B', '35B'),
('2014 - 2015', 'Benches at various places', '136758.48', 'B', '35B'),
('2014 - 2015', 'Develpoment Work in schools', '162075.72', 'DW', '35B'),
('2015 - 2016', 'Maintenance/cleaning', '152744.99', 'M', '35B'),
('2015 - 2016', 'Installation of Nameplates and direction boards', '126045.27', 'N', '35B'),
('2015 - 2016', 'Installation of Nameplates and direction boards', '137210.44', 'N', '35B'),
('2015 - 2016', 'Benches at various places', '144388.50', 'B', '35B'),
('2015 - 2016', 'Drainage line cleaning', '194428.54', 'D', '35B'),
('2015 - 2016', 'Street lights', '181097.70', 'E', '35B'),
('2015 - 2016', 'Street lights', '179926.70', 'E', '35B'),
('2014 - 2015', 'Wheelbarrow ', '200000.00', 'WB', '35B'),
('2014 - 2015', 'Samaj Mandir/ Related work/ Renovation', '200000.00', 'SM', '35B'),
('2014 - 2015', 'Samaj Mandir/ Related work/ Renovation', '200000.00', 'SM', '35B'),
('2012 - 2013', 'Drainage work', '199940.00', 'D', '40B'),
('2012 - 2013', 'Benches', '146510.00', 'B', '40B'),
('2012 - 2013', 'Dustbin distribution/ Buckets', '200000.00', 'DB', '40B'),
('2012 - 2013', 'Wheelbarrow purchasing', '200000.00', 'WBP', '40B'),
('2012 - 2013', 'Laying of Tiles', '157213.00', 'T', '40B'),
('2012 - 2013', 'Bore wells', '50000.00', 'BW', '40B'),
('2012 - 2013', 'Fencing ', '138395.00', 'FE', '40B'),
('2012 - 2013', 'Installation of Nameplates', '103412.00', 'N', '40B'),
('2012 - 2013', 'Benches', '150704.00', 'B', '40B'),
('2013 - 2014', 'Benches', '156494.00', 'B', '40B'),
('2013 - 2014', 'Dustbin distribution/ Buckets', '200000.00', 'DB', '40B'),
('2013 - 2014', 'Wheelbarrow purchasing', '200000.00', 'WBP', '40B'),
('2013 - 2014', 'Installation of Nameplates', '158620.00', 'N', '40B'),
('2013 - 2014', 'Making Speedbreakers', '200000.00', 'MS', '40B'),
('2013 - 2014', 'Buying sewing machines', '200000.00', 'S', '40B'),
('2014 - 2015', 'Jute bags', '200000.00', 'J', '40B'),
('2014 - 2015', 'Samaj Mandir/ Related work/ Renovation', '200000.00', 'SM', '40B'),
('2014 - 2015', 'Electrification', '165186.00', 'E', '40B'),
('2014 - 2015', 'Dustbin distribution/ Buckets', '200000.00', 'DB', '40B'),
('2014 - 2015', 'Jute bags', '200000.00', 'J', '40B'),
('2014 - 2015', 'Benches', '184231.00', 'B', '40B'),
('2014 - 2015', 'Maintenance/cleaning', '200000.00', 'M', '40B'),
('2014 - 2015', 'Gym/ gym equipments', '199373.00', 'GY', '40B'),
('2014 - 2015', 'Jute bags', '200000.00', 'J', '40B'),
('2014 - 2015', 'Putting Iron Doors/Gates', '170796.00', 'ID', '40B'),
('2014 - 2015', 'Toilet Renovation/Maintenance', '199692.00', 'TO', '40B'),
('2015 - 2016', 'Street lights', '181097.70', 'E', '40B'),
('2015 - 2016', 'Street lights', '179926.70', 'E', '40B'),
('2014 - 2015', 'Wheelbarrow ', '200000.00', 'WB', '40B'),
('2014 - 2015', 'Samaj Mandir/ Related work/ Renovation', '200000.00', 'SM', '40B'),
('2014 - 2015', 'Samaj Mandir/ Related work/ Renovation', '200000.00', 'SM', '40B'),
('2012 - 2013', 'Garden Fencing', '181667.00', 'F', '54A'),
('2012 - 2013', 'Pavement Blocks', '200000.00', 'P', '54A'),
('2012 - 2013', 'Concretisation', '200000.00', 'C', '54A'),
('2012 - 2013', 'Concretisation', '152343.00', 'C', '54A'),
('2012 - 2013', 'Drainage Work', '200000.00', 'D', '54A'),
('2012 - 2013', 'Concretisation', '150966.00', 'C', '54A'),
('2012 - 2013', 'Concretisation', '187525.00', 'C', '54A'),
('2012 - 2013', 'Drainage Work', '104680.00', 'D', '54A'),
('2012 - 2013', 'Concretisation', '140330.00', 'C', '54A'),
('2012 - 2013', 'Road Work( Crossing)', '150000.00', 'R', '54A'),
('2012 - 2013', 'Concretisation', '141394.00', 'C', '54A'),
('2012 - 2013', 'Concretisation', '159279.00', 'C', '54A'),
('2012 - 2013', 'Sign Boards', '200000.00', 'SB', '54A'),
('2012 - 2013', 'Computers', '200000.00', 'CO', '54A'),
('2013 - 2014', 'Electrification (LED fitting)', '200000.00', 'E', '54A'),
('2013 - 2014', 'Concretisation', '129453.00', 'C', '54A'),
('2013 - 2014', 'Buying sewing machines', '200000.00', 'S', '54A'),
('2013 - 2014', 'Installation of Benches', '157554.00', 'B', '54A'),
('2013 - 2014', 'Concretisation', '141384.00', 'C', '54A'),
('2013 - 2014', 'Concretisation', '143275.00', 'C', '54A'),
('2013 - 2014', 'Concretisation', '0.00', 'C', '54A'),
('2013 - 2014', 'Concretisation', '137886.00', 'C', '54A'),
('2013 - 2014', 'Concretisation', '139644.00', 'C', '54A'),
('2013 - 2014', 'Concretisation', '151355.00', 'C', '54A'),
('2013 - 2014', 'Computers', '200000.00', 'CO', '54A'),
('2014 - 2015', 'Installation of Benches', '200000.00', 'B', '54A'),
('2014 - 2015', 'Gym', '200000.00', 'GY', '54A'),
('2014 - 2015', 'Furniture work in School', '200000.00', 'FW', '54A'),
('2014 - 2015', 'Furniture work in School', '200000.00', 'FW', '54A'),
('2014 - 2015', 'Pavement Blocks', '119637.00', 'P', '54A'),
('2014 - 2015', 'Pavement Blocks', '166111.00', 'P', '54A'),
('2014 - 2015', 'Concretisation', '172855.00', 'C', '54A'),
('2014 - 2015', 'Open Gym', '200000.00', 'GY', '54A'),
('2014 - 2015', 'Providing Jute Bags', '200000.00', 'J', '54A'),
('2014 - 2015', 'Installation of Benches', '169855.00', 'B', '54A'),
('2014 - 2015', 'Installation of Benches', '177849.00', 'B', '54A'),
('2012 - 2013', 'Benches', '172070.00', 'B', '21B'),
('2012 - 2013', 'Building of Bus stop shed', '60000.00', 'BS', '21B'),
('2012 - 2013', 'Building stainless steel bolard', '157232.00', 'SSB', '21B'),
('2012 - 2013', 'Samaj Mandir', '107568.00', 'SM', '21B'),
('2012 - 2013', 'Drainage work', '20000.00', 'D', '21B'),
('2012 - 2013', 'Benches', '200000.00', 'B', '21B'),
('2012 - 2013', 'Bore wells', '198000.00', 'BW', '21B'),
('2012 - 2013', 'Installation and maintenance of water pipe lines', '198000.00', 'WP', '21B'),
('2012 - 2013', 'Installation and maintenance of water pipe lines', '198000.00', 'WP', '21B'),
('2012 - 2013', 'Garden work', '200000.00', 'G', '21B'),
('2013 - 2014', 'Footpath work', '167289.00', 'F', '21B'),
('2013 - 2014', 'Dustbin distribution/ Buckets', '200000.00', 'DB', '21B'),
('2013 - 2014', 'Maintenance/cleaning', '161226.00', 'M', '21B'),
('2013 - 2014', 'Making Speedbreakers', '200000.00', 'MS', '21B'),
('2014 - 2015', 'Electrification', '151364.00', 'E', '21B'),
('2014 - 2015', 'Benches', '169584.00', 'B', '21B'),
('2014 - 2015', 'Bore wells', '161913.00', 'BW', '21B'),
('2014 - 2015', 'Bore wells', '165296.00', 'BW', '21B'),
('2014 - 2015', 'Computers', '200000.00', 'CO', '21B'),
('2014 - 2015', 'Benches', '160192.00', 'B', '21B'),
('2014 - 2015', 'Furniture work', '200000.00', 'FW', '21B'),
('2014 - 2015', 'Pavement block', '169510.00', 'P', '21B'),
('2014 - 2015', 'Concretization ', '169957.00', 'C', '21B'),
('2014 - 2015', 'Concretization ', '200000.00', 'C', '21B'),
('2014 - 2015', 'Water supply', '168866.00', 'W', '21B'),
('2014 - 2015', 'Architectural work', '179187.00', 'AW', '21B'),
('2012 - 2013', 'Fire brigade waterproofing', '132045.00', 'FB', '22A'),
('2012 - 2013', 'Benches', '167117.00', 'B', '22A'),
('2012 - 2013', 'Drainage work', '62843.00', 'D', '22A'),
('2012 - 2013', 'Toilet Renovation', '78879.00', 'TO', '22A'),
('2012 - 2013', 'Drainage work+ Concretisation', '140777.00', 'D+C', '22A'),
('2012 - 2013', 'Drainage work+ Concretisation', '148635.00', 'D+C', '22A'),
('2012 - 2013', 'Toilet Renovation and related work', '188556.00', 'TO', '22A'),
('2012 - 2013', 'Toilet Renovation and related work', '99607.00', 'TO', '22A'),
('2012 - 2013', 'Building of Shed for senior citizens', '200000.00', 'BSS', '22A'),
('2012 - 2013', 'Building of Bus stop', '200000.00', 'BBT', '22A'),
('2013 - 2014', 'Laying of Tiles+Concretisation', '147380.00', 'T+C', '22A'),
('2013 - 2014', 'Develpoment Work', '147107.00', 'DW', '22A'),
('2013 - 2014', 'Benches', '156752.00', 'B', '22A'),
('2013 - 2014', 'Dustbin distribution/ Buckets', '200000.00', 'DB', '22A'),
('2013 - 2014', 'Building of Bus stop', '145427.00', 'BBT', '22A'),
('2013 - 2014', 'Building of Bus stop', '132390.00', 'BBT', '22A'),
('2013 - 2014', 'Wheelbarrow purchasing', '200000.00', 'WBP', '22A'),
('2013 - 2014', 'Fire brigade interlocking block', '156170.00', 'FBI', '22A'),
('2014 - 2015', 'Develpoment Work', '193948.00', 'DW', '22A'),
('2014 - 2015', 'Benches', '198513.00', 'B', '22A'),
('2014 - 2015', 'Computers', '200000.00', 'CO', '22A'),
('2014 - 2015', 'Computers', '200000.00', 'CO', '22A'),
('2014 - 2015', 'Dustbin distribution/ Buckets', '200000.00', 'DB', '22A'),
('2014 - 2015', 'Samaj Mandir/ Related work/ Renovation', '181582.00', 'SM', '22A'),
('2014 - 2015', 'Samaj Mandir/ Related work/ Renovation', '199294.00', 'SM', '22A'),
('2014 - 2015', 'Electrification', '183470.00', 'E', '22A'),
('2014 - 2015', 'Water supply/Waterproofing', '171196.00', 'W', '22A'),
('2014 - 2015', 'Benches', '16289.00', 'B', '22A'),
('2014 - 2015', 'Wheelbarrow ', '200000.00', 'WB', '22A'),
('2014 - 2015', 'Samaj Mandir/ Related work/ Renovation', '200000.00', 'SM', '22A'),
('2014 - 2015', 'Samaj Mandir/ Related work/ Renovation', '200000.00', 'SM', '22A'),
('2012 - 2013', 'Buckets distribution', '200000.00', 'DB', '26B'),
('2012 - 2013', 'Benches at various places', '281000.00', 'B', '26B'),
('2012 - 2013', 'Providing Gym equipments', '156000.00', 'GY', '26B'),
('2012 - 2013', 'Drainage work', '284000.00', 'D', '26B'),
('2012 - 2013', 'Maintenance work', '106000.00', 'M', '26B'),
('2012 - 2013', 'Construction of Shed at Samaj Mandir', '200000.00', 'SM', '26B'),
('2013 - 2014', 'Computers distribution', '400000.00', 'CO', '26B'),
('2013 - 2014', 'Electrification,Street lights', '255000.00', 'E', '26B'),
('2013 - 2014', 'Installation of Benches', '154000.00', 'B', '26B'),
('2013 - 2014', 'Buckets distribution', '200000.00', 'DB', '26B'),
('2013 - 2014', 'Jute bags distribution', '200000.00', 'J', '26B'),
('2014 - 2015', 'Drainage/chamber work', '852000.00', 'D', '26B'),
('2014 - 2015', 'Electrification', '252000.00', 'E', '26B'),
('2014 - 2015', 'Tin shed installation in school', '169000.00', 'DW', '26B'),
('2013 - 2014', 'Building of Bus stop', '145427.00', 'BBT', '26B'),
('2013 - 2014', 'Building of Bus stop', '132390.00', 'BBT', '26B'),
('2013 - 2014', 'Wheelbarrow purchasing', '200000.00', 'WBP', '26B'),
('2013 - 2014', 'Fire brigade interlocking block', '156170.00', 'FBI', '26B'),
('2014 - 2015', 'Develpoment Work', '193948.00', 'DW', '26B'),
('2014 - 2015', 'Benches', '198513.00', 'B', '26B'),
('2014 - 2015', 'Computers', '200000.00', 'CO', '26B'),
('2014 - 2015', 'Computers', '200000.00', 'CO', '26B'),
('2014 - 2015', 'Dustbin distribution/ Buckets', '200000.00', 'DB', '26B'),
('2014 - 2015', 'Samaj Mandir/ Related work/ Renovation', '181582.00', 'SM', '26B'),
('2014 - 2015', 'Samaj Mandir/ Related work/ Renovation', '199294.00', 'SM', '26B'),
('2014 - 2015', 'Electrification', '183470.00', 'E', '26B'),
('2014 - 2015', 'Water supply/Waterproofing', '171196.00', 'W', '26B'),
('2014 - 2015', 'Benches', '16289.00', 'B', '26B'),
('2014 - 2015', 'Wheelbarrow ', '200000.00', 'WB', '26B'),
('2014 - 2015', 'Samaj Mandir/ Related work/ Renovation', '200000.00', 'SM', '26B'),
('2014 - 2015', 'Samaj Mandir/ Related work/ Renovation', '200000.00', 'SM', '26B'),
('2012 - 2013', 'Buckets distribution', '394000.00', 'DB', '29A'),
('2012 - 2013', 'Pavement blocks', '299000.00', 'P', '29A'),
('2012 - 2013', 'Concretization ', '148000.00', 'C', '29A'),
('2012 - 2013', 'Installation of Benches', '158000.00', 'B', '29A'),
('2012 - 2013', 'New street lights', '226000.00', 'E', '29A'),
('2012 - 2013', 'Jute bags distribution', '198000.00', 'J', '29A'),
('2013 - 2014', 'Electrification work at various places', '299000.00', 'E', '29A'),
('2013 - 2014', 'Water supply', '157000.00', 'W', '29A'),
('2013 - 2014', 'Footpath work', '158000.00', 'F', '29A'),
('2013 - 2014', 'Concretization ', '280000.00', 'C', '29A'),
('2013 - 2014', 'Purchasing buckets for garbage collection', '200000.00', 'WD', '29A'),
('2013 - 2014', 'Drainage work', '136000.00', 'D', '29A'),
('2014 - 2015', 'Drainage work', '298000.00', 'D', '29A'),
('2014 - 2015', 'Installation of Benches', '298000.00', 'B', '29A'),
('2013 - 2014', 'Building of Bus stop', '145427.00', 'BBT', '29A'),
('2013 - 2014', 'Building of Bus stop', '132390.00', 'BBT', '29A'),
('2013 - 2014', 'Wheelbarrow purchasing', '200000.00', 'WBP', '29A'),
('2013 - 2014', 'Fire brigade interlocking block', '156170.00', 'FBI', '29A'),
('2014 - 2015', 'Develpoment Work', '193948.00', 'DW', '29A'),
('2014 - 2015', 'Benches', '198513.00', 'B', '29A'),
('2014 - 2015', 'Computers', '200000.00', 'CO', '29A'),
('2014 - 2015', 'Computers', '200000.00', 'CO', '29A'),
('2014 - 2015', 'Dustbin distribution/ Buckets', '200000.00', 'DB', '29A'),
('2014 - 2015', 'Samaj Mandir/ Related work/ Renovation', '181582.00', 'SM', '29A'),
('2014 - 2015', 'Samaj Mandir/ Related work/ Renovation', '199294.00', 'SM', '29A'),
('2014 - 2015', 'Electrification', '183470.00', 'E', '29A'),
('2014 - 2015', 'Water supply/Waterproofing', '171196.00', 'W', '29A'),
('2014 - 2015', 'Benches', '16289.00', 'B', '29A'),
('2014 - 2015', 'Wheelbarrow ', '200000.00', 'WB', '29A'),
('2014 - 2015', 'Samaj Mandir/ Related work/ Renovation', '200000.00', 'SM', '29A'),
('2014 - 2015', 'Samaj Mandir/ Related work/ Renovation', '200000.00', 'SM', '29A'),
('2012 - 2013', 'Jute bags', '100000.00', 'J', '30A'),
('2012 - 2013', 'Maintenance/cleaning', '158739.78', 'M', '30A'),
('2012 - 2013', 'Benches at various places', '147435.71', 'B', '30A'),
('2012 - 2013', 'Electrification- Energy saving fitting work', '111468.30', 'E', '30A'),
('2012 - 2013', 'Electrification- Energy saving fitting work', '112324.07', 'E', '30A'),
('2012 - 2013', 'Installation of Nameplates and direction boards', '161074.89', 'N', '30A'),
('2012 - 2013', 'Installation of Nameplates and direction boards', '95298.45', 'N', '30A'),
('2012 - 2013', 'Benches at various places', '138199.79', 'B', '30A'),
('2012 - 2013', 'Bore well', '181876.27', 'BW', '30A'),
('2012 - 2013', 'Water supply line', '39645.27', 'W', '30A'),
('2013 - 2014', 'Installation of Nameplates and direction boards', '74548.10', 'N', '30A'),
('2013 - 2014', 'Road works', '166390.56', 'RW', '30A'),
('2013 - 2014', 'Drainage line', '143851.97', 'D', '30A'),
('2013 - 2014', 'Concretization work', '78903.87', 'C', '30A'),
('2013 - 2014', 'Benches at various places', '147125.81', 'B', '30A'),
('2013 - 2014', 'Benches at various places', '146223.63', 'B', '30A'),
('2013 - 2014', 'Drainage chambers cleaning', '72176.26', 'D', '30A'),
('2014 - 2015', 'Installation of Nameplates and direction boards', '150438.66', 'N', '30A'),
('2014 - 2015', 'Installation of Nameplates and direction boards', '94571.75', 'N', '30A'),
('2015 - 2016', 'Drainage chambers cleaning', '139417.41', 'D', '30A'),
('2015 - 2016', 'Drainage chambers cleaning', '138983.19', 'D', '30A'),
('2015 - 2016', 'Drainage chambers cleaning', '125008.38', 'D', '30A'),
('2015 - 2016', 'Fencing to canals', '161138.68', 'E', '30A'),
('2015 - 2016', 'Maintenance/cleaning', '148832.26', 'M', '30A'),
('2015 - 2016', 'Installation of Nameplates and direction boards', '143231.73', 'N', '30A'),
('2015 - 2016', 'Maintenance/cleaning', '144753.16', 'M', '30A'),
('2015 - 2016', 'Road maintenance work', '191617.20', 'R', '30A'),
('2014 - 2015', 'Benches', '16289.00', 'B', '30A'),
('2014 - 2015', 'Wheelbarrow ', '200000.00', 'WB', '30A'),
('2014 - 2015', 'Samaj Mandir/ Related work/ Renovation', '200000.00', 'SM', '30A'),
('2014 - 2015', 'Samaj Mandir/ Related work/ Renovation', '200000.00', 'SM', '30A'),
('2012 - 2013', 'Benches at various places', '81556.36', 'B', '30B'),
('2012 - 2013', 'Benches at various places', '131540.60', 'B', '30B'),
('2012 - 2013', 'Benches at various places', '156323.78', 'B', '30B'),
('2012 - 2013', 'Benches at various places', '179316.23', 'B', '30B'),
('2012 - 2013', 'Drainage chambers cleaning', '85229.57', 'D', '30B'),
('2012 - 2013', 'Computers in School', '196880.00', 'CO', '30B'),
('2012 - 2013', 'Installation of Nameplates and direction boards', '149819.80', 'N', '30B'),
('2012 - 2013', 'Water supply line', '75972.39', 'W', '30B'),
('2012 - 2013', 'Water supply line', '156352.60', 'W', '30B'),
('2012 - 2013', 'Electrification work in school', '112445.95', 'E', '30B'),
('2013 - 2014', 'Drainage chambers cleaning', '177593.88', 'D', '30B'),
('2013 - 2014', 'Benches at various places', '155705.84', 'B', '30B'),
('2013 - 2014', 'Benches at various places', '156700.47', 'B', '30B'),
('2013 - 2014', 'Benches at various places', '157616.59', 'B', '30B'),
('2013 - 2014', 'Benches at various places', '155725.55', 'B', '30B'),
('2013 - 2014', 'Electrification work- Street lights', '133147.49', 'E', '30B'),
('2013 - 2014', 'Drainage line and chambers repairing', '138323.24', 'D', '30B'),
('2014 - 2015', 'Drainage line and chambers repairing', '150438.66', 'D', '30B'),
('2014 - 2015', 'Electrification work- Street lights', '146938.01', 'E', '30B'),
('2014 - 2015', 'Benches at various places', '149446.97', 'B', '30B'),
('2014 - 2015', 'Benches at various places', '150438.66', 'B', '30B'),
('2014 - 2015', 'Drainage line and chambers repairing', '162873.99', 'D', '30B'),
('2014 - 2015', 'Drainage line and chambers repairing', '195602.25', 'D', '30B'),
('2014 - 2015', 'Benches at various places', '195765.63', 'B', '30B'),
('2014 - 2015', 'Benches at various places', '195765.63', 'B', '30B'),
('2014 - 2015', 'Installation of Nameplates and direction boards', '199560.22', 'N', '30B'),
('2015 - 2016', 'Road maintenance work', '191617.20', 'R', '30B'),
('2014 - 2015', 'Benches', '16289.00', 'B', '30B'),
('2014 - 2015', 'Wheelbarrow ', '200000.00', 'WB', '30B'),
('2014 - 2015', 'Samaj Mandir/ Related work/ Renovation', '200000.00', 'SM', '30B'),
('2014 - 2015', 'Samaj Mandir/ Related work/ Renovation', '200000.00', 'SM', '30B'),
('2012 - 2013', 'Benches at various places', '159980.00', 'B', '32B'),
('2012 - 2013', 'Benches at various places', '55018.58', 'B', '32B'),
('2012 - 2013', 'Benches at various places', '55018.58', 'B', '32B'),
('2012 - 2013', 'Benches at various places', '75365.55', 'B', '32B'),
('2012 - 2013', 'Computers in Schools', '196880.00', 'CO', '32B'),
('2012 - 2013', 'Road works', '167942.72', 'RW', '32B'),
('2012 - 2013', 'Maintenance/cleaning', '159540.00', 'M', '32B'),
('2013 - 2014', 'Benches at various places', '163694.95', 'B', '32B'),
('2013 - 2014', 'Road works', '166784.63', 'RW', '32B'),
('2013 - 2014', 'Road works', '191535.36', 'RW', '32B'),
('2013 - 2014', 'Road works', '158715.08', 'RW', '32B'),
('2013 - 2014', 'Installation of Nameplates and direction boards', '155987.98', 'N', '32B'),
('2013 - 2014', 'Maintenance/cleaning', '151572.00', 'M', '32B'),
('2013 - 2014', 'Installation of Nameplates and direction boards', '144285.09', 'N', '32B'),
('2014 - 2015', 'Maintenance/cleaning', '165570.92', 'M', '32B'),
('2014 - 2015', 'Installation of Nameplates and direction boards', '109208.68', 'N', '32B'),
('2014 - 2015', 'Electrification-Street lights', '137230.32', 'E', '32B'),
('2014 - 2015', 'Installation of Nameplates and direction boards', '146331.14', 'N', '32B'),
('2014 - 2015', 'Benches at various places', '130378.96', 'B', '32B'),
('2014 - 2015', 'Benches at various places', '136758.48', 'B', '32B'),
('2014 - 2015', 'Develpoment Work in schools', '162075.72', 'DW', '32B'),
('2015 - 2016', 'Maintenance/cleaning', '152744.99', 'M', '32B'),
('2015 - 2016', 'Installation of Nameplates and direction boards', '126045.27', 'N', '32B'),
('2015 - 2016', 'Installation of Nameplates and direction boards', '137210.44', 'N', '32B'),
('2015 - 2016', 'Benches at various places', '144388.50', 'B', '32B'),
('2015 - 2016', 'Drainage line cleaning', '194428.54', 'D', '32B'),
('2015 - 2016', 'Street lights', '181097.70', 'E', '32B'),
('2015 - 2016', 'Street lights', '179926.70', 'E', '32B'),
('2014 - 2015', 'Wheelbarrow ', '200000.00', 'WB', '32B'),
('2014 - 2015', 'Samaj Mandir/ Related work/ Renovation', '200000.00', 'SM', '32B'),
('2014 - 2015', 'Samaj Mandir/ Related work/ Renovation', '200000.00', 'SM', '32B'),
('2012 - 2013', 'Benches at various places', '129578.46', 'B', '35A'),
('2012 - 2013', 'Installation of Nameplates and direction boards', '148865.81', 'N', '35A'),
('2012 - 2013', 'Installation of Nameplates and direction boards', '149079.54', 'N', '35A'),
('2012 - 2013', 'Benches at various places', '113986.53', 'B', '35A'),
('2012 - 2013', 'Benches at various places', '132395.80', 'B', '35A'),
('2012 - 2013', 'Waste disposal', '72691.60', 'WD', '35A'),
('2012 - 2013', 'Waste disposal', '72691.30', 'WD', '35A'),
('2013 - 2014', 'Installation of Nameplates and direction boards', '157950.23', 'N', '35A'),
('2013 - 2014', 'Installation of Nameplates and direction boards', '157950.23', 'N', '35A'),
('2014 - 2015', 'Benches at various places', '143017.58', 'B', '35A'),
('2014 - 2015', 'Benches at various places', '149214.95', 'B', '35A'),
('2014 - 2015', 'Road Works', '57220.14', 'RW', '35A'),
('2014 - 2015', 'Installation of Nameplates and direction boards', '54792.20', 'N', '35A'),
('2014 - 2015', 'Drainage line repairing', '26244.11', 'D', '35A'),
('2014 - 2015', 'Maintenance/cleaning', '165570.92', 'M', '35A'),
('2014 - 2015', 'Installation of Nameplates and direction boards', '109208.68', 'N', '35A'),
('2014 - 2015', 'Electrification-Street lights', '137230.32', 'E', '35A'),
('2014 - 2015', 'Installation of Nameplates and direction boards', '146331.14', 'N', '35A'),
('2014 - 2015', 'Benches at various places', '130378.96', 'B', '35A'),
('2014 - 2015', 'Benches at various places', '136758.48', 'B', '35A'),
('2014 - 2015', 'Develpoment Work in schools', '162075.72', 'DW', '35A'),
('2015 - 2016', 'Maintenance/cleaning', '152744.99', 'M', '35A'),
('2015 - 2016', 'Installation of Nameplates and direction boards', '126045.27', 'N', '35A'),
('2015 - 2016', 'Installation of Nameplates and direction boards', '137210.44', 'N', '35A'),
('2015 - 2016', 'Benches at various places', '144388.50', 'B', '35A'),
('2015 - 2016', 'Drainage line cleaning', '194428.54', 'D', '35A'),
('2015 - 2016', 'Street lights', '181097.70', 'E', '35A'),
('2015 - 2016', 'Street lights', '179926.70', 'E', '35A'),
('2014 - 2015', 'Wheelbarrow ', '200000.00', 'WB', '35A'),
('2014 - 2015', 'Samaj Mandir/ Related work/ Renovation', '200000.00', 'SM', '35A'),
('2014 - 2015', 'Samaj Mandir/ Related work/ Renovation', '200000.00', 'SM', '35A'),
('2012 - 2013', 'Benches at various places', '132495.33', 'B', '35B'),
('2012 - 2013', 'Installation of Nameplates and direction boards', '127897.06', 'N', '35B'),
('2012 - 2013', 'Installation of Nameplates and direction boards', '36596.91', 'N', '35B'),
('2013 - 2014', 'Installation of Nameplates and direction boards', '116919.76', 'N', '35B'),
('2013 - 2014', 'Installation of Nameplates and direction boards', '99066.56', 'N', '35B'),
('2013 - 2014', 'Installation of Nameplates and direction boards', '151523.01', 'N', '35B'),
('2013 - 2014', 'Benches at various places', '132390.58', 'B', '35B'),
('2014 - 2015', 'Road works', '87971.14', 'RW', '35B'),
('2014 - 2015', 'Installation of Nameplates and direction boards', '61034.76', 'N', '35B'),
('2014 - 2015', 'Fencing', '44336.98', 'FE', '35B'),
('2015 - 2016', 'Fencing', '143691.32', 'FE', '35B'),
('2015 - 2016', 'Installation of Nameplates and direction boards', '139056.07', 'N', '35B'),
('2015 - 2016', 'Benches at various places', '115995.75', 'B', '35B'),
('2015 - 2016', 'Benches at various places', '118934.31', 'B', '35B'),
('2015 - 2016', 'Waste disposal- vermi cmpost', '162013.27', 'WD', '35B'),
('2015 - 2016', 'Benches at various places', '152748.05', 'B', '35B'),
('2015 - 2016', 'Benches at various places', '60444.00', 'B', '35B'),
('2014 - 2015', 'Installation of Nameplates and direction boards', '146331.14', 'N', '35B'),
('2014 - 2015', 'Benches at various places', '130378.96', 'B', '35B'),
('2014 - 2015', 'Benches at various places', '136758.48', 'B', '35B'),
('2014 - 2015', 'Develpoment Work in schools', '162075.72', 'DW', '35B'),
('2015 - 2016', 'Maintenance/cleaning', '152744.99', 'M', '35B'),
('2015 - 2016', 'Installation of Nameplates and direction boards', '126045.27', 'N', '35B'),
('2015 - 2016', 'Installation of Nameplates and direction boards', '137210.44', 'N', '35B'),
('2015 - 2016', 'Benches at various places', '144388.50', 'B', '35B'),
('2015 - 2016', 'Drainage line cleaning', '194428.54', 'D', '35B'),
('2015 - 2016', 'Street lights', '181097.70', 'E', '35B'),
('2015 - 2016', 'Street lights', '179926.70', 'E', '35B'),
('2014 - 2015', 'Wheelbarrow ', '200000.00', 'WB', '35B'),
('2014 - 2015', 'Samaj Mandir/ Related work/ Renovation', '200000.00', 'SM', '35B'),
('2014 - 2015', 'Samaj Mandir/ Related work/ Renovation', '200000.00', 'SM', '35B'),
('2012 - 2013', 'Drainage work', '199940.00', 'D', '40B'),
('2012 - 2013', 'Benches', '146510.00', 'B', '40B'),
('2012 - 2013', 'Dustbin distribution/ Buckets', '200000.00', 'DB', '40B'),
('2012 - 2013', 'Wheelbarrow purchasing', '200000.00', 'WBP', '40B'),
('2012 - 2013', 'Laying of Tiles', '157213.00', 'T', '40B'),
('2012 - 2013', 'Bore wells', '50000.00', 'BW', '40B'),
('2012 - 2013', 'Fencing ', '138395.00', 'FE', '40B'),
('2012 - 2013', 'Installation of Nameplates', '103412.00', 'N', '40B'),
('2012 - 2013', 'Benches', '150704.00', 'B', '40B'),
('2013 - 2014', 'Benches', '156494.00', 'B', '40B'),
('2013 - 2014', 'Dustbin distribution/ Buckets', '200000.00', 'DB', '40B'),
('2013 - 2014', 'Wheelbarrow purchasing', '200000.00', 'WBP', '40B'),
('2013 - 2014', 'Installation of Nameplates', '158620.00', 'N', '40B'),
('2013 - 2014', 'Making Speedbreakers', '200000.00', 'MS', '40B'),
('2013 - 2014', 'Buying sewing machines', '200000.00', 'S', '40B'),
('2014 - 2015', 'Jute bags', '200000.00', 'J', '40B'),
('2014 - 2015', 'Samaj Mandir/ Related work/ Renovation', '200000.00', 'SM', '40B'),
('2014 - 2015', 'Electrification', '165186.00', 'E', '40B'),
('2014 - 2015', 'Dustbin distribution/ Buckets', '200000.00', 'DB', '40B'),
('2014 - 2015', 'Jute bags', '200000.00', 'J', '40B'),
('2014 - 2015', 'Benches', '184231.00', 'B', '40B'),
('2014 - 2015', 'Maintenance/cleaning', '200000.00', 'M', '40B'),
('2014 - 2015', 'Gym/ gym equipments', '199373.00', 'GY', '40B'),
('2014 - 2015', 'Jute bags', '200000.00', 'J', '40B'),
('2014 - 2015', 'Putting Iron Doors/Gates', '170796.00', 'ID', '40B'),
('2014 - 2015', 'Toilet Renovation/Maintenance', '199692.00', 'TO', '40B'),
('2015 - 2016', 'Street lights', '181097.70', 'E', '40B'),
('2015 - 2016', 'Street lights', '179926.70', 'E', '40B'),
('2014 - 2015', 'Wheelbarrow ', '200000.00', 'WB', '40B'),
('2014 - 2015', 'Samaj Mandir/ Related work/ Renovation', '200000.00', 'SM', '40B'),
('2014 - 2015', 'Samaj Mandir/ Related work/ Renovation', '200000.00', 'SM', '40B'),
('2012 - 2013', 'Garden Fencing', '181667.00', 'F', '54A'),
('2012 - 2013', 'Pavement Blocks', '200000.00', 'P', '54A'),
('2012 - 2013', 'Concretisation', '200000.00', 'C', '54A'),
('2012 - 2013', 'Concretisation', '152343.00', 'C', '54A'),
('2012 - 2013', 'Drainage Work', '200000.00', 'D', '54A'),
('2012 - 2013', 'Concretisation', '150966.00', 'C', '54A'),
('2012 - 2013', 'Concretisation', '187525.00', 'C', '54A'),
('2012 - 2013', 'Drainage Work', '104680.00', 'D', '54A'),
('2012 - 2013', 'Concretisation', '140330.00', 'C', '54A'),
('2012 - 2013', 'Road Work( Crossing)', '150000.00', 'R', '54A'),
('2012 - 2013', 'Concretisation', '141394.00', 'C', '54A'),
('2012 - 2013', 'Concretisation', '159279.00', 'C', '54A'),
('2012 - 2013', 'Sign Boards', '200000.00', 'SB', '54A'),
('2012 - 2013', 'Computers', '200000.00', 'CO', '54A'),
('2013 - 2014', 'Electrification (LED fitting)', '200000.00', 'E', '54A'),
('2013 - 2014', 'Concretisation', '129453.00', 'C', '54A'),
('2013 - 2014', 'Buying sewing machines', '200000.00', 'S', '54A'),
('2013 - 2014', 'Installation of Benches', '157554.00', 'B', '54A'),
('2013 - 2014', 'Concretisation', '141384.00', 'C', '54A'),
('2013 - 2014', 'Concretisation', '143275.00', 'C', '54A'),
('2013 - 2014', 'Concretisation', '0.00', 'C', '54A'),
('2013 - 2014', 'Concretisation', '137886.00', 'C', '54A'),
('2013 - 2014', 'Concretisation', '139644.00', 'C', '54A'),
('2013 - 2014', 'Concretisation', '151355.00', 'C', '54A'),
('2013 - 2014', 'Computers', '200000.00', 'CO', '54A'),
('2014 - 2015', 'Installation of Benches', '200000.00', 'B', '54A'),
('2014 - 2015', 'Gym', '200000.00', 'GY', '54A'),
('2014 - 2015', 'Furniture work in School', '200000.00', 'FW', '54A'),
('2014 - 2015', 'Furniture work in School', '200000.00', 'FW', '54A'),
('2014 - 2015', 'Pavement Blocks', '119637.00', 'P', '54A'),
('2014 - 2015', 'Pavement Blocks', '166111.00', 'P', '54A'),
('2014 - 2015', 'Concretisation', '172855.00', 'C', '54A'),
('2014 - 2015', 'Open Gym', '200000.00', 'GY', '54A'),
('2014 - 2015', 'Providing Jute Bags', '200000.00', 'J', '54A'),
('2014 - 2015', 'Installation of Benches', '169855.00', 'B', '54A'),
('2014 - 2015', 'Installation of Benches', '177849.00', 'B', '54A');

-- --------------------------------------------------------

--
-- Table structure for table `nagarsevak`
--

DROP TABLE IF EXISTS `nagarsevak`;
CREATE TABLE IF NOT EXISTS `nagarsevak` (
  `Prabhag_No` varchar(3) DEFAULT NULL,
  `Nagarsevak_Name` varchar(43) DEFAULT NULL,
  `Codes` varchar(3) DEFAULT NULL,
  `Url` varchar(48) DEFAULT NULL,
  `Prabhag_Name` varchar(41) DEFAULT NULL,
  `Ward_ofc` varchar(21) DEFAULT NULL,
  `Party` varchar(3) DEFAULT NULL,
  `Avg_Questions` float NOT NULL,
  `Avg_Attendance` float NOT NULL,
  `Criminal_Records` varchar(10) NOT NULL,
  `Original_RTI_Link` varchar(100) NOT NULL,
  `Spreadsheet_Link` varchar(100) NOT NULL
) ENGINE=MyISAM DEFAULT CHARSET=utf8;

--
-- Dumping data for table `nagarsevak`
--

INSERT INTO `nagarsevak` (`Prabhag_No`, `Nagarsevak_Name`, `Codes`, `Url`, `Prabhag_Name`, `Ward_ofc`, `Party`, `Avg_Questions`, `Avg_Attendance`, `Criminal_Records`, `Original_RTI_Link`, `Spreadsheet_Link`) VALUES
('1A', 'MRS. REKHA TINGRE', '1A', 'images/photos/1A.jpg', 'Lohegaon Airport', 'Yerawda - Sangamwadi', 'NCP', 0, 0, 'Yes', 'www.google.com', 'www.gmail.com'),
('1B', 'TINGRE ANIL (BOBY) VASANTRAO', '1B', 'images/photos/1B.jpg', 'Lohegaon Airport', 'Yerawda - Sangamwadi', 'NCP', 0, 0, 'Yes', 'www.google.com', 'www.gmail.com'),
('2A', 'PATHARE MAHENDRA PNDHARINATH', '2A', 'images/photos/2A.jpg', 'Kharadi Infotech Park', 'Nagar Road ', 'NCP', 0, 0, 'Yes', 'www.google.com', 'www.gmail.com'),
('2B', 'MRS. PATHARE SANJILA BAPUSAHEB', '2B', 'images/photos/2B.jpg', 'Kharadi Infotech Park', 'Nagar Road ', 'SS', 0, 0, 'Yes', 'www.google.com', 'www.gmail.com'),
('3A', 'MRS. KALAMKAR USHA DNYANESHWAR', '3A', 'images/photos/3A.jpg', 'Vimannagar Sanjay Park', 'Nagar Road ', 'NCP', 0, 0, 'Yes', 'www.google.com', 'www.gmail.com'),
('3B', 'PATHARE (PATIL) MAHADEV BHIKU', '3B', 'images/photos/3B.jpg', 'Vimannagar Sanjay Park', 'Nagar Road ', 'NCP', 0, 0, 'Yes', 'www.google.com', 'www.gmail.com'),
('4A', 'MRS. DEVKAR SUNANDA SANJAY', '4A', 'images/photos/4A.jpg', 'Nagpur Chawl', 'Nagar Road ', 'RPI', 0, 0, 'Yes', 'www.google.com', 'www.gmail.com'),
('4B', 'DR. DHENDE SIDDHARTH YASHWANT', '4B', 'images/photos/4B.jpg', 'Nagpur Chawl', 'Nagar Road ', 'RPI', 0, 0, 'Yes', 'www.google.com', 'www.gmail.com'),
('5A', 'MRS. SALUNKE SAVITA / SUNITA ANIL', '5A', 'images/photos/5A.jpg', 'Vishrantwadi Mhaske Vasti', 'Yerawda - Sangamwadi', 'MNS', 0, 0, 'Yes', 'www.google.com', 'www.gmail.com'),
('5B', 'MHASKE SATISH ANKUSH', '5B', 'images/photos/5B.jpg', 'Vishrantwadi Mhaske Vasti', 'Yerawda - Sangamwadi', 'NCP', 0, 0, 'Yes', 'www.google.com', 'www.gmail.com'),
('6A', 'KAMBALE (MANDAVWALE) ARCHANA RAMESH', '6A', 'images/photos/6A.jpg', 'Bopodi Gaonthan', 'Aundh ', 'MNS', 0, 0, 'Yes', 'www.google.com', 'www.gmail.com'),
('6B', 'DHORE PRAKASH DNYANOBA', '6B', 'images/photos/6B.jpg', 'Bopodi Gaonthan', 'Aundh ', 'MNS', 0, 0, 'Yes', 'www.google.com', 'www.gmail.com'),
('7A', 'MRS. GAIKWAD SHASHIKALA DHONDIRAM', '7A', 'images/photos/7A.jpg', 'Pune University', 'Aundh ', 'INC', 0, 0, 'Yes', 'www.google.com', 'www.gmail.com'),
('7B', 'GAIKWAD KAILAS MARUTIRAO', '7B', 'images/photos/7B.jpg', 'Pune University', 'Aundh ', 'INC', 0, 0, 'Yes', 'www.google.com', 'www.gmail.com'),
('8A', 'NIMHAN CHANDRASHEKHAR VINAYAK', '8A', 'images/photos/8A.jpg', 'Aundh ITI', 'Aundh ', 'INC', 0, 0, 'Yes', 'www.google.com', 'www.gmail.com'),
('8B', 'MRS. GAIKWAD SANGITA DATTATRAY', '8B', 'images/photos/8B.jpg', 'Aundh ITI', 'Aundh', 'INC', 0, 0, 'Yes', 'www.google.com', 'www.gmail.com'),
('9A', 'MRS.MURKUTE SANJANA ASHOK', '9A', 'images/photos/9A.jpg', 'Baner Balewadi', 'Aundh ', 'NCP', 0, 0, 'Yes', 'www.google.com', 'www.gmail.com'),
('9B', 'CHANDERE BABURAO ASHOK', '9B', 'images/photos/9B.jpg', 'Baner Balewadi', 'Aundh ', 'NCP', 0, 0, 'Yes', 'www.google.com', 'www.gmail.com'),
('10A', 'MRS. CHIMTE ROHINI SUDHIR', '10A', 'images/photos/10A.jpg', 'Pashan Sutarwadi', 'Aundh ', 'NCP', 0, 0, 'Yes', 'www.google.com', 'www.gmail.com'),
('10B', 'MRS. NIMHAN SUSHAMA PRAMOD', '10B', 'images/photos/10B.jpg', 'Pashan Sutarwadi', 'Aundh ', 'NCP', 0, 0, 'Yes', 'www.google.com', 'www.gmail.com'),
('11A', 'MRS. ORASE SHARADA SHANKAR', '11A', 'images/photos/11A.jpg', 'Janwadi-Gokhalenagar', 'Ghole Road ', 'NCP', 0, 0, 'Yes', 'www.google.com', 'www.gmail.com'),
('11B', 'BAHIRAT DATTA RANGNATH', '11B', 'images/photos/11B.jpg', 'Janwadi-Gokhalenagar', 'Ghole Road ', 'INC', 0, 0, 'Yes', 'www.google.com', 'www.gmail.com'),
('12A', 'MRS. KULKARNI NILAM AVINASH', '12A', 'images/photos/12A.jpg', 'Model Colony', 'Ghole Road ', 'MNS', 0, 0, 'Yes', 'www.google.com', 'www.gmail.com'),
('12B', 'PAWAR RAJU /DATTATRAY RAMCHANDRA', '12B', 'images/photos/12B.jpg', 'Model Colony', 'Ghole Road ', 'MNS', 0, 0, 'Yes', 'www.google.com', 'www.gmail.com'),
('13A', 'MRS. SANE ASHA RAJESH', '13A', 'images/photos/13A.jpg', 'Narveer Tanajiwadi', 'Ghole Road ', 'MNS', 0, 0, 'Yes', 'www.google.com', 'www.gmail.com'),
('13B', 'MRS. BHOSALE RESHMA ANIL', '13B', 'images/photos/13B.jpg', 'Narveer Tanajiwadi', 'Ghole Road ', 'NCP', 0, 0, 'Yes', 'www.google.com', 'www.gmail.com'),
('14A', 'MRS. PARDESHI MEENA RAVI', '14A', 'images/photos/14A.jpg', 'Deccan College', 'Yerawda - Sangamwadi ', '', 0, 0, 'Yes', 'www.google.com', 'www.gmail.com'),
('14B', 'BHOSALE SANJAY SHASHIKANT', '14B', 'images/photos/14B.jpg', 'Deccan College', 'Yerawda - Sangamwadi', 'SS', 0, 0, 'Yes', 'www.google.com', 'www.gmail.com'),
('15A', 'SMT. ARADE SHASHIKALA SUDAM', '15A', 'images/photos/15A.jpg', 'Rajguru Road', 'Yerawda - Sangamwadi', 'INC', 0, 0, 'Yes', 'www.google.com', 'www.gmail.com'),
('15B', 'VITKAR KISHOR RAJARAM', '15B', 'images/photos/15B.jpg', 'Rajguru Road', 'Yerawda - Sangamwadi', 'NCP', 0, 0, 'Yes', 'www.google.com', 'www.gmail.com'),
('16A', 'GOGALE SUNIL LALU', '16A', 'images/photos/16A.jpg', 'Subhashnagar', 'Yerawda - Sangamwadi', 'NCP', 0, 0, 'Yes', 'www.google.com', 'www.gmail.com'),
('16B', 'MRS. SAWANT SHEETAL AJAY', '16B', 'images/photos/16B.jpg', 'Subhashnagar', 'Yerawda - Sangamwadi', 'INC', 0, 0, 'Yes', 'www.google.com', 'www.gmail.com'),
('17A', 'MRS. SARAVADE MEENAL AANAND', '17A', 'images/photos/17A.jpg', 'Agakhan Palace', 'Nagar Road ', 'NCP', 0, 0, 'Yes', 'www.google.com', 'www.gmail.com'),
('17B', 'KARNE(GURUJI) BAPURAO GANGARAM', '17B', 'images/photos/17B.jpg', 'Agakhan Palace', 'Nagar Road ', 'NCP', 0, 0, 'Yes', 'www.google.com', 'www.gmail.com'),
('18A', 'MRS. GALANDE SUNITA MARUTI', '18A', 'images/photos/18A.jpg', 'Vadgaon Sheri', 'Nagar Road ', 'INC', 0, 0, 'Yes', 'www.google.com', 'www.gmail.com'),
('18B', 'MULEEK YOGESH TUKARAM', '18B', 'images/photos/18B.jpg', 'Vadgaon Sheri', 'Nagar Road ', 'BJP', 0, 0, 'Yes', 'www.google.com', 'www.gmail.com'),
('19A', 'BHAGAT SACHIN RANGNATH', '19A', 'images/photos/19A.jpg', 'Vadgaon Sheri - Ganesh Nagar', 'Nagar Road ', 'SS', 0, 0, 'Yes', 'www.google.com', 'www.gmail.com'),
('19B', 'MRS. PATHRE SUMAN BALASAHEB', '19B', 'images/photos/19B.jpg', 'Vadgaon Sheri - Ganesh Nagar', 'Nagar Road ', 'NCP', 0, 0, 'Yes', 'www.google.com', 'www.gmail.com'),
('20A', 'MRS. KODRE CHANCHALA SANDIP', '20A', 'images/photos/20A.jpg', 'Magarpatta City', 'Dhole Patil Road ', 'NCP', 0, 0, 'Yes', 'www.google.com', 'www.gmail.com'),
('20B', 'GAIKWAD BANDU / SUNIL JAYAVANTRAO', '20B', 'images/photos/20B.jpg', 'Magarpatta City', 'Dhole Patil Road ', 'INC', 0, 0, 'Yes', 'www.google.com', 'www.gmail.com'),
('21A', 'VAGASKAR RAJENDRA (BABU) RAMCHANDRA', '21A', 'images/photos/21A.jpg', 'Koregaon Park', 'Dhole Patil Road ', 'MNS', 0, 0, 'Yes', 'www.google.com', 'www.gmail.com'),
('21B', 'MRS. VAGASKAR VANITA RAJENDRA', '21B', 'images/photos/21B.jpg', 'Koregaon Park', 'Dhole Patil Road ', 'MNS', 0, 0, 'Yes', 'www.google.com', 'www.gmail.com'),
('22A', 'SMT. RAJGURU LATATAI DAYARAM', '22A', 'images/photos/22A.jpg', 'Naidu Hospital', 'Dhole Patil Road ', 'INC', 0, 0, 'Yes', 'www.google.com', 'www.gmail.com'),
('22B', 'GAIKWAD PRADIP MACHHINDRA', '22B', 'images/photos/22B.jpg', 'Naidu Hospital', 'Dhole Patil Road ', 'NCP', 0, 0, 'Yes', 'www.google.com', 'www.gmail.com'),
('23A', 'TAYADE AJAY MAGANLAL', '23A', 'images/photos/23A.jpg', 'Junabazaar Kumbharwada', 'Dhole Patil Road ', 'MNS', 0, 0, 'Yes', 'www.google.com', 'www.gmail.com'),
('23B', 'MRS. TIKONE SANGITA RAHUL ', '23B', 'images/photos/23B.jpg', 'Junabazaar Kumbharwada', 'Dhole Patil Road ', 'MNS', 0, 0, 'Yes', 'www.google.com', 'www.gmail.com'),
('24A', 'MRS. KHADE NILEEMA DATTATRAY', '24A', 'images/photos/24A.jpg', 'Balgandharva', 'Ghole Road ', 'BJP', 0, 0, 'Yes', 'www.google.com', 'www.gmail.com'),
('24B', 'BODAKE DIPAK / BALASAHEB KALURAM', '24B', 'images/photos/24B.jpg', 'Balgandharva', 'Ghole Road ', 'NCP', 0, 0, 'Yes', 'www.google.com', 'www.gmail.com'),
('25A', 'MRS. MANJALKAR NEETA AANAND', '25A', 'images/photos/25A.jpg', 'Wadarwadi-Pandavnagar', 'Ghole Road ', 'SS', 0, 0, 'Yes', 'www.google.com', 'www.gmail.com'),
('25B', 'ALAGUDE MUKARI ANNA', '25B', 'images/photos/25B.jpg', 'Wadarwadi-Pandavnagar', 'Ghole Road ', 'INC', 0, 0, 'Yes', 'www.google.com', 'www.gmail.com'),
('26A', 'MRS. JADHAV ASHWINI TUKARAM', '26A', 'images/photos/26A.jpg', 'MIT - Kelewadi', 'Kothrud ', 'INC', 0, 0, 'Yes', 'www.google.com', 'www.gmail.com'),
('26B', 'MANKAR DIPAK MADHAV', '26B', 'images/photos/26B.jpg', 'MIT - Kelewadi', 'Kothrud ', 'INC', 0, 0, 'Yes', 'www.google.com', 'www.gmail.com'),
('27A', 'MRS. MARATHE VAISHALI RAJENDRA', '27A', 'images/photos/27A.jpg', 'Sutardara-Kishkindha Naga', 'Kothrud ', 'INC', 0, 0, 'Yes', 'www.google.com', 'www.gmail.com'),
('27B', 'AD. KADAM RAMCHANDRA / CHANDUSHETH AATMARAM', '27B', 'images/photos/27B.jpg', 'Sutardara-Kishkindha Naga', 'Kothrud ', 'INC', 0, 0, 'Yes', 'www.google.com', 'www.gmail.com'),
('28A', 'MRS. MARNE JAYASHREE GAJANAN', '28A', 'images/photos/28A.jpg', 'ARDE - Mhatobanagar', 'Kothrud ', 'MNS', 0, 0, 'Yes', 'www.google.com', 'www.gmail.com'),
('28B', 'AD. SHINDE KISHOR NANASAHEB', '28B', 'images/photos/28B.jpg', 'ARDE - Mhatobanagar', 'Kothrud ', 'MNS', 0, 0, 'Yes', 'www.google.com', 'www.gmail.com'),
('29A', 'KEMSE SHANKAR DATTATRAY', '29A', 'images/photos/29A.jpg', 'Bavdhan Khurd', 'Kothrud ', 'NCP', 0, 0, 'Yes', 'www.google.com', 'www.gmail.com'),
('29B', 'SMT. KANOJIYA(CHAUDHARI) PUSHPA KAILAS', '29B', 'images/photos/29B.jpg', 'Bavdhan Khurd', 'Kothrud ', 'MNS', 0, 0, 'Yes', 'www.google.com', 'www.gmail.com'),
('30A', 'MRS. DANGAT BHAGYASHREE KAILAS', '30A', 'images/photos/30A.jpg', 'Popularnagar Malwadi', 'Warje Karvenagar ', 'MNS', 0, 63.33, 'Yes', 'www.google.com', 'www.gmail.com'),
('30B', 'DODAKE SACHIN SHIVAJI', '30B', 'images/photos/30B.jpg', 'Popularnagar Malwadi', 'Warje Karvenagar ', 'NCP', 0, 0, 'Yes', 'www.google.com', 'www.gmail.com'),
('31A', 'BARATE DILIP PRABHAKAR', '31A', 'images/photos/31A.jpg', 'Shivane - Warje - Ramnagar', 'Warje Karvenagar ', 'INC', 0, 0, 'Yes', 'www.google.com', 'www.gmail.com'),
('31B', 'MRS. DUDHANE LAXMI DEVRAM', '31B', 'images/photos/31B.jpg', 'Shivane - Warje - Ramnagar', 'Warje Karvenagar ', 'NCP', 0, 0, 'Yes', 'www.google.com', 'www.gmail.com'),
('32A', 'MRS. MAKWAN SUREKHA AVINASH', '32A', 'images/photos/32A.jpg', 'Karvenagar - Gosavivasti', 'Warje Karvenagar ', 'MNS', 0, 0, 'Yes', 'www.google.com', 'www.gmail.com'),
('32B', 'BARATE RAJABHAU KISHAN', '32B', 'images/photos/32B.jpg', 'Karvenagar - Gosavivasti', 'Warje Karvenagar ', 'MNS', 0.67, 58.73, 'Yes', 'www.google.com', 'www.gmail.com'),
('33A', 'AD. MOKATE YOGESH SHRIKANT', '33A', 'images/photos/33A.jpg', 'Dahanukar Colony', 'Warje Karvenagar ', 'SS', 0, 0, 'Yes', 'www.google.com', 'www.gmail.com'),
('33B', 'MRS. DESHPANDE SANGITA SHAM', '33B', 'images/photos/33B.jpg', 'Dahanukar Colony', 'Warje Karvenagar ', 'SS', 0, 0, 'Yes', 'www.google.com', 'www.gmail.com'),
('34A', 'SUTAR PRUTHVIRAJ SHASHIKANT', '34A', 'images/photos/34A.jpg', 'Gujrat Colony', 'Kothrud ', 'SS', 0, 0, 'Yes', 'www.google.com', 'www.gmail.com'),
('34B', 'MRS. MOHOL MONIKA MURLIDHAR', '34B', 'images/photos/34B.jpg', 'Gujrat Colony', 'Kothrud ', 'BJP', 0, 0, 'Yes', 'www.google.com', 'www.gmail.com'),
('35A', 'BADHE PRASHANT LAXMAN', '35A', 'images/photos/35A.jpg', 'Deenanath Mangeshkar Hospital', 'Warje Karvenagar ', 'SS', 0, 0, 'Yes', 'www.google.com', 'www.gmail.com'),
('35B', 'MRS. KULKARNI MEDHA VISHRAM', '35B', 'images/photos/35B.jpg', 'Deenanath Mangeshkar Hospital', 'Warje Karvenagar ', 'BJP', 0.33, 62.73, 'Yes', 'www.google.com', 'www.gmail.com'),
('36A', 'RANE ANIL BABURAO', '36A', 'images/photos/36A.jpg', 'Kamla Nehru Park', 'Ghole Road ', 'MNS', 0, 0, 'Yes', 'www.google.com', 'www.gmail.com'),
('36B', 'MRS. SAHASTRABUDHHE MADHURI SHRIRAM', '36B', 'images/photos/36B.jpg', 'Kamla Nehru Park', 'Ghole Road ', 'BJP', 0, 0, 'Yes', 'www.google.com', 'www.gmail.com'),
('37A', 'RASNE HEMANT NARAYAN', '37A', 'images/photos/37A.jpg', 'Shaniwarwada', 'Kasba Vishrambagwada ', 'BJP', 0, 0, 'Yes', 'www.google.com', 'www.gmail.com'),
('37B', 'MRS. TILAK MUKTA SHAILESH', '37B', 'images/photos/37B.jpg', 'Shaniwarwada', 'Kasba Vishrambagwada ', 'BJP', 0, 0, 'Yes', 'www.google.com', 'www.gmail.com'),
('38A', 'MRS. DAKHAVE ANITA DINESH (BHAIYA)', '38A', 'images/photos/38A.jpg', 'Kasba Peth', 'Kasba Vishrambagwada ', 'MNS', 0, 0, 'Yes', 'www.google.com', 'www.gmail.com'),
('38B', 'DHANGEKAR RAVINDRA HEMRAJ', '38B', 'images/photos/38B.jpg', 'Kasba Peth', 'Kasba Vishrambagwada ', 'MNS', 0, 0, 'Yes', 'www.google.com', 'www.gmail.com'),
('39A', 'MRS. ZENDE SONAM MAYUR', '39A', 'images/photos/39A.jpg', 'KEM Hospital', 'Bhawani Peth ', 'SS', 0, 0, 'Yes', 'www.google.com', 'www.gmail.com'),
('39B', 'BIDKAR GANESH MADHUKAR', '39B', 'images/photos/39B.jpg', 'KEM Hospital', 'Bhawani Peth', 'BJP', 0, 0, 'Yes', 'www.google.com', 'www.gmail.com'),
('40A', 'MRS. GHODAKE LAXMITAI BALASAHEB', '40A', 'images/photos/40A.jpg', 'Collectorate', 'Dhole Patil Road :', 'MNS', 0, 0, 'Yes', 'www.google.com', 'www.gmail.com'),
('40B', 'SHINDE ARVIND TUKARAM', '40B', 'images/photos/40B.jpg', 'Collectorate', 'Dhole Patil Road :', 'INC', 0, 0, 'Yes', 'www.google.com', 'www.gmail.com'),
('41A', 'MHASKE PRASHANT AMBADAS', '41A', 'images/photos/41A.jpg', 'Sopan Baug - Vikasnagar', 'Kondhwa Wanavdi ', 'BJP', 0, 0, 'Yes', 'www.google.com', 'www.gmail.com'),
('41B', 'MRS. KAVADE SUREKHA CHANDRAKANT', '41B', 'images/photos/41B.jpg', 'Sopan Baug - Vikasnagar', 'Kondhwa Wanavdi ', 'BJP', 0, 0, 'Yes', 'www.google.com', 'www.gmail.com'),
('42A', 'MRS. KAPRE VIJAYA HANUMANT(AABA)', '42A', 'images/photos/42A.jpg', 'Lohiya Garden, Vaiduwadi', 'Hadapsar ', 'BJP', 0, 0, 'Yes', 'www.google.com', 'www.gmail.com'),
('42B', 'AALKUNTE AANAND ANNA', '42B', 'images/photos/42B.jpg', 'Lohiya Garden, Vaiduwadi', 'Hadapsar ', 'BJP', 0, 0, 'Yes', 'www.google.com', 'www.gmail.com'),
('43A', 'TUPE CHETAN VITTHAL (PATIL)', '43A', 'images/photos/43A.jpg', 'Sadhana Vidyalay', 'Hadapsar ', 'BJP', 0, 0, 'Yes', 'www.google.com', 'www.gmail.com'),
('43B', 'MRS. PAWAR RANJANA SHIVAJI', '43B', 'images/photos/43B.jpg', 'Sadhana Vidyalay', 'Hadapsar ', 'BJP', 0, 0, 'Yes', 'www.google.com', 'www.gmail.com'),
('44A', 'MRS. BANKAR VAISHALI SUNIL', '44A', 'images/photos/44A.jpg', 'Gliding Centre', 'Hadapsar ', 'BJP', 0, 0, 'Yes', 'www.google.com', 'www.gmail.com'),
('44B', '-', '44B', 'images/photos/44B.jpg', 'Gliding Centre', 'Hadapsar ', 'BJP', 0, 0, 'Yes', 'www.google.com', 'www.gmail.com'),
('45A', 'SAYYAD FARUK YASIN/FARUKBHAI INAMDAR', '45A', 'images/photos/45A.jpg', 'Mohammadwadi', 'Hadapsar ', 'BJP', 0, 0, 'Yes', 'www.google.com', 'www.gmail.com'),
('45B', 'MRS. WADKAR VIJAYA POPAT', '45B', 'images/photos/45B.jpg', 'Mohammadwadi', 'Hadapsar ', 'BJP', 0, 0, 'Yes', 'www.google.com', 'www.gmail.com'),
('46A', 'LONDHE SATISHBHAU VAMANRAO', '46A', 'images/photos/46A.jpg', 'Wanavdi - Ramtekdi', 'Kondhwa Wanavdi ', 'BJP', 0, 0, 'Yes', 'www.google.com', 'www.gmail.com'),
('46B', 'MRS. SHIVARKAR KAVITA CHANDRAKANT', '46B', 'images/photos/46B.jpg', 'Wanavdi - Ramtekdi', 'Kondhwa Wanavdi ', 'BJP', 0, 0, 'Yes', 'www.google.com', 'www.gmail.com'),
('47A', 'JANJOT SUDHIR RAMAKANT', '47A', 'images/photos/47A.jpg', 'Arunkumar Vaidya Stadium', 'Bhawani Peth', 'BJP', 0, 0, 'Yes', 'www.google.com', 'www.gmail.com'),
('47B', 'SMT. KHAN JILEHUMA MOSHRIF', '47B', 'images/photos/47B.jpg', 'Arunkumar Vaidya Stadium', 'Bhawani Peth', 'BJP', 0, 0, 'Yes', 'www.google.com', 'www.gmail.com'),
('48A', 'MRS.AANDEKAR RAJASHREETAI SURYAKANT', '48A', 'images/photos/48A.jpg', 'Palkhi Vithoba Mandir', 'Bhawani Peth', 'BJP', 0, 0, 'Yes', 'www.google.com', 'www.gmail.com'),
('48B', 'AANDEKAR UDAYKANT RANOJI', '48B', 'images/photos/48B.jpg', 'Palkhi Vithoba Mandir', 'Bhawani Peth', 'BJP', 0, 0, 'Yes', 'www.google.com', 'www.gmail.com'),
('49A', 'MRS. GADALE SUNANDA SATISH', '49A', 'images/photos/49A.jpg', 'Dr. Kotnis Hospital', 'Kasba Vishrambagwada ', 'BJP', 0, 0, 'Yes', 'www.google.com', 'www.gmail.com'),
('49B', 'KACHI MILIND INDRAKUMAR', '49B', 'images/photos/49B.jpg', 'Dr. Kotnis Hospital', 'Kasba Vishrambagwada ', 'BJP', 0, 0, 'Yes', 'www.google.com', 'www.gmail.com'),
('50A', 'AD. MRS. PATIL THOMBARE RUPALI', '50A', 'images/photos/50A.jpg', 'Mahatma Phule Mandai', 'Kasba Vishrambagwada ', 'BJP', 0, 0, 'Yes', 'www.google.com', 'www.gmail.com'),
('50B', 'KALOKHE DILIP GOVIND', '50B', 'images/photos/50B.jpg', 'Mahatma Phule Mandai', 'Kasba Vishrambagwada ', 'BJP', 0, 0, 'Yes', 'www.google.com', 'www.gmail.com'),
('51A', 'JADHAV DHANANJAY VISHNU', '51A', 'images/photos/51A.jpg', 'Tilak Smarak Mandir', 'Kasba Vishrambagwada ', 'BJP', 0, 0, 'Yes', 'www.google.com', 'www.gmail.com'),
('51B', 'MRS. GHATE MANISHA DHANANJAY', '51B', 'images/photos/51B.jpg', 'Tilak Smarak Mandir', 'Kasba Vishrambagwada ', 'BJP', 0, 0, 'Yes', 'www.google.com', 'www.gmail.com'),
('52A', 'HAMANGHAR VINAYAK KONDIBA', '52A', 'images/photos/52A.jpg', 'Vaikunth Smashanbhoomi', 'Tilak Road ', 'BJP', 0, 0, 'Yes', 'www.google.com', 'www.gmail.com'),
('52B', 'MRS. BODAKE MANISHA SANTOSH', '52B', 'images/photos/52B.jpg', 'Vaikunth Smashanbhoomi', 'Tilak Road', 'BJP', 0, 0, 'Yes', 'www.google.com', 'www.gmail.com'),
('53A', 'MRS.NAGPURE MANJUSHA DIPAK', '53A', 'images/photos/53A.jpg', 'PL Deshpande Udyan', 'Tilak Road', 'BJP', 0, 0, 'Yes', 'www.google.com', 'www.gmail.com'),
('53B', 'JAGTAP SHREEKANT SHASHIKANT', '53B', 'images/photos/53B.jpg', 'PL Deshpande Udyan', 'Tilak Road', 'BJP', 0, 0, 'Yes', 'www.google.com', 'www.gmail.com'),
('54A', 'MISS. CHAKANKAR BHARATI /YUGANDHARA KUNDAL', '54A', 'images/photos/54A.jpg', 'Suncity Wadgaon Budruk', 'Tilak Road', 'BJP', 0, 0, 'Yes', 'www.google.com', 'www.gmail.com'),
('54B', 'LAYGUDE RAJABHAU MURLIDHAR', '54B', 'images/photos/54B.jpg', 'Suncity Wadgaon Budruk', 'Tilak Road', 'BJP', 0, 0, 'Yes', 'www.google.com', 'www.gmail.com'),
('55A', 'MRS. KUDALE PATIL SANGITA ANKURSHTH', '55A', 'images/photos/55A.jpg', 'Janata Vasahat', 'Tilak Road', 'BJP', 0, 0, 'Yes', 'www.google.com', 'www.gmail.com'),
('55B', 'DANGAT (PATIL) VIKAS PANDHARINATH', '55B', 'images/photos/55B.jpg', 'Janata Vasahat', 'Tilak Road', 'BJP', 0, 0, 'Yes', 'www.google.com', 'www.gmail.com'),
('56A', 'TUPERE RAHUL BAPU', '56A', 'images/photos/56A.jpg', 'Sarasbaug Parvati', 'Tilak Road', 'BJP', 0, 0, 'Yes', 'www.google.com', 'www.gmail.com'),
('56B', 'GADADE (MADHE) PRIYA SHIVAJI', '56B', 'images/photos/56B.jpg', 'Sarasbaug Parvati', 'Tilak Road', 'BJP', 0, 0, 'Yes', 'www.google.com', 'www.gmail.com'),
('57A', 'MRS. VASTE SMITA PADMAKAR', '57A', 'images/photos/57A.jpg', 'Kadakmal Ali Hirabaug', 'Sahakarnagar ', 'BJP', 0, 0, 'Yes', 'www.google.com', 'www.gmail.com'),
('57B', 'HARNAVAR ASHOK/VISHNU SURYAKANT', '57B', 'images/photos/57B.jpg', 'Kadakmal Ali Hirabaug', 'Sahakarnagar ', 'BJP', 0, 0, 'Yes', 'www.google.com', 'www.gmail.com'),
('58A', 'MRS. DHAMALE PRATIBHA NITIN', '58A', 'images/photos/58A.jpg', 'Mahatma Phule Smarak', 'Kasba Vishrambagwada ', 'BJP', 0, 0, 'Yes', 'www.google.com', 'www.gmail.com'),
('58B', 'YENPURE ASHOK KONDIBA', '58B', 'images/photos/58B.jpg', 'Mahatma Phule Smarak', 'Kasba Vishrambagwada ', 'BJP', 0, 0, 'Yes', 'www.google.com', 'www.gmail.com'),
('59A', 'SMT. NETKE (OSVAL)SUSHILATAI SHANKAR', '59A', 'images/photos/59A.jpg', 'Kashewadi Gurunanaknagar', 'Bhawani Peth', 'BJP', 0, 0, 'Yes', 'www.google.com', 'www.gmail.com'),
('59B', 'HARIHAR VISHNU NARAYAN', '59B', 'images/photos/59B.jpg', 'Kashewadi Gurunanaknagar', 'Bhawani Peth', 'BJP', 0, 0, 'Yes', 'www.google.com', 'www.gmail.com'),
('60A', 'MRS. MOMIN HEENA SHAFIK', '60A', 'images/photos/60A.jpg', 'Mahatma Phule Peth Kashewadi Bhawani Peth', 'Bhawani Peth', 'BJP', 0, 0, 'Yes', 'www.google.com', 'www.gmail.com'),
('60B', 'BAGAVE AVINASH RAMESH', '60B', 'images/photos/60B.jpg', 'Mahatma Phule Peth Kashewadi Bhawani Peth', 'Bhawani Peth', 'BJP', 0, 0, 'Yes', 'www.google.com', 'www.gmail.com'),
('61A', 'MRS. LONKAR NANDA NARAYANRAO', '61A', 'images/photos/61A.jpg', 'Kedar Vasti - Azadnagar', 'Kondhwa Wanavdi ', 'BJP', 0, 0, 'Yes', 'www.google.com', 'www.gmail.com'),
('61B', 'JAGTAP PRASHANT SUDAM', '61B', 'images/photos/61B.jpg', 'Kedar Vasti - Azadnagar', 'Kondhwa Wanavdi ', 'BJP', 0, 0, 'Yes', 'www.google.com', 'www.gmail.com'),
('62A', 'MRS.THOSAR SANGITATAI RAJENDRA', '62A', 'images/photos/62A.jpg', 'Kondhwa Budruk, Gokulnagar', 'Kondhwa Wanavdi ', 'BJP', 0, 0, 'Yes', 'www.google.com', 'www.gmail.com'),
('62B', 'TILEKAR YOGESH PUNDALIK', '62B', 'images/photos/62B.jpg', 'Kondhwa Budruk, Gokulnagar', 'Kondhwa Wanavdi ', 'BJP', 0, 0, 'Yes', 'www.google.com', 'www.gmail.com'),
('63A', 'RAYIS RASHID SUNDAKE', '63A', 'images/photos/63A.jpg', 'Bhagyodaynagar', 'Kondhwa Wanavdi ', 'BJP', 0, 0, 'Yes', 'www.google.com', 'www.gmail.com'),
('63B', 'MRS. BABAR AARTI SAINATH', '63B', 'images/photos/63B.jpg', 'Bhagyodaynagar', 'Kondhwa Wanavdi ', 'BJP', 0, 0, 'Yes', 'www.google.com', 'www.gmail.com'),
('64A', 'BHIMALE SHREENATH YASHWANT', '64A', 'images/photos/64A.jpg', 'Salisbury Park', 'Bhawani Peth', 'BJP', 0, 0, 'Yes', 'www.google.com', 'www.gmail.com'),
('64B', 'MRS. VAIRAGE KAVITA BHARAT', '64B', 'images/photos/64B.jpg', 'Salisbury Park', 'Bhawani Peth', 'BJP', 0, 0, 'Yes', 'www.google.com', 'www.gmail.com'),
('65A', 'KAMBALE PANDURANG/BAPU DIGAMBAR', '65A', 'images/photos/65A.jpg', 'Ghorpade Garden', 'Bhawani Peth', 'BJP', 0, 0, 'Yes', 'www.google.com', 'www.gmail.com'),
('65B', 'MRS. VYAVAHARE KAMAL DNYANRAJ', '65B', 'images/photos/65B.jpg', 'Ghorpade Garden', 'Bhawani Peth', 'BJP', 0, 0, 'Yes', 'www.google.com', 'www.gmail.com'),
('66A', 'MRS. CHORBELE MANISHA PRAVIN', '66A', 'images/photos/66A.jpg', 'Adinath Society', 'Sahakarnagar ', 'BJP', 0, 0, 'Yes', 'www.google.com', 'www.gmail.com'),
('66B', 'CHAJED ABHAY BHAKCHAND', '66B', 'images/photos/66B.jpg', 'Adinath Society', 'Sahakarnagar ', 'BJP', 0, 0, 'Yes', 'www.google.com', 'www.gmail.com'),
('67A', 'BAGUL AABA / ULHAS VASANTRAO', '67A', 'images/photos/67A.jpg', 'Aranyeshwar Taware Colony', 'Sahakarnagar ', 'BJP', 0, 0, 'Yes', 'www.google.com', 'www.gmail.com'),
('67B', 'MRS. KADAM ASHWINI NITIN', '67B', 'images/photos/67B.jpg', 'Aranyeshwar Taware Colony', 'Sahakarnagar ', 'BJP', 0, 0, 'Yes', 'www.google.com', 'www.gmail.com'),
('68A', 'MRS. JAGTAP USHA SUBHASH', '68A', 'images/photos/68A.jpg', 'Sahakarnagar - Taljai', 'Sahakarnagar ', 'BJP', 0, 0, 'Yes', 'www.google.com', 'www.gmail.com'),
('68B', 'JAGTAP SUBHASH DIGAMBAR', '68B', 'images/photos/68B.jpg', 'Sahakarnagar - Taljai', 'Sahakarnagar ', 'BJP', 0, 0, 'Yes', 'www.google.com', 'www.gmail.com'),
('69A', 'MRS. TAPKIR VARSHA VILAS', '69A', 'images/photos/69A.jpg', 'Dhankawadi Padmavati', 'Dhankawadi ', 'BJP', 0, 0, 'Yes', 'www.google.com', 'www.gmail.com'),
('69B', 'BHOSALE SHIVLAL NAMADEVLAL', '69B', 'images/photos/69B.jpg', 'Dhankawadi Padmavati', 'Dhankawadi ', 'BJP', 0, 0, 'Yes', 'www.google.com', 'www.gmail.com'),
('70A', 'SHILIMKAR RAJENDRA YASHWANT', '70A', 'images/photos/70A.jpg', 'Bibvewadi and KK Market', 'Bhawani Peth', 'BJP', 0, 0, 'Yes', 'www.google.com', 'www.gmail.com'),
('70B', 'MRS. SHINDE ASMITA VISHAL', '70B', 'images/photos/70B.jpg', 'Bibvewadi and KK Market', 'Bhawani Peth', 'BJP', 0, 0, 'Yes', 'www.google.com', 'www.gmail.com'),
('71A', 'KAMBALE SUNIL DNYANDEV', '71A', 'images/photos/71A.jpg', 'Shivaji Market, Gultekdi', 'Bhawani Peth', 'BJP', 0, 0, 'Yes', 'www.google.com', 'www.gmail.com'),
('71B', 'MRS. DESHPANDE MANASI MANOJ', '71B', 'images/photos/71B.jpg', 'Shivaji Market, Gultekdi', 'Bhawani Peth', 'BJP', 0, 0, 'Yes', 'www.google.com', 'www.gmail.com'),
('72A', 'DHADAVE DINESH SHANKAR', '72A', 'images/photos/72A.jpg', 'Upper Indiranagar', 'Bhawani Peth', 'BJP', 0, 0, 'Yes', 'www.google.com', 'www.gmail.com'),
('72B', 'MRS.OSWAL DIPALI PRAMOD', '72B', 'images/photos/72B.jpg', 'Upper Indiranagar', 'Bhawani Peth', 'BJP', 0, 0, 'Yes', 'www.google.com', 'www.gmail.com'),
('73A', 'DHANKAVDE DATTATRAY BABANRAO', '73A', 'images/photos/73A.jpg', 'Balajinagar Vaibhavnagar', 'Dhankawadi ', 'BJP', 0, 0, 'Yes', 'www.google.com', 'www.gmail.com'),
('73B', 'MRS. PAYGUDE SUVARNA ROHIDAS', '73B', 'images/photos/73B.jpg', 'Balajinagar Vaibhavnagar', 'Dhankawadi ', 'BJP', 0, 0, 'Yes', 'www.google.com', 'www.gmail.com'),
('74A', 'MRS. DEVKAR MOHINI RAJENDRAKUMAR', '74A', 'images/photos/74A.jpg', 'Bharati Vidyapeeth', 'Dhankawadi ', 'BJP', 0, 0, 'Yes', 'www.google.com', 'www.gmail.com'),
('74B', 'TAMBE VISHAL VILASRAO', '74B', 'images/photos/74B.jpg', 'Bharati Vidyapeeth', 'Dhankawadi ', 'BJP', 0, 0, 'Yes', 'www.google.com', 'www.gmail.com'),
('75A', 'MRS. THORVE KALPANA SAMBHAJI', '75A', 'images/photos/75A.jpg', 'Katraj Dairy', 'Dhankawadi ', 'BJP', 0, 0, 'Yes', 'www.google.com', 'www.gmail.com'),
('75B', 'KADAM ABHIJIT MADHAVRAO', '75B', 'images/photos/75B.jpg', 'Katraj Dairy', 'Dhankawadi ', 'BJP', 0, 0, 'Yes', 'www.google.com', 'www.gmail.com'),
('76A', 'MRS. KADAM BHARATI PRAKASH', '76A', 'images/photos/76A.jpg', 'Katraj Maulinagar', 'Dhankawadi ', 'BJP', 0, 0, 'Yes', 'www.google.com', 'www.gmail.com'),
('76B', 'MORE VASANT KRUSHNA', '76B', 'images/photos/76B.jpg', 'Katraj Maulinagar', 'Dhankawadi ', 'BJP', 0, 0, 'Yes', 'www.google.com', 'www.gmail.com');

-- --------------------------------------------------------

--
-- Table structure for table `prabhagname`
--

DROP TABLE IF EXISTS `prabhagname`;
CREATE TABLE IF NOT EXISTS `prabhagname` (
  `Ward_ofc` varchar(22) DEFAULT NULL,
  `Prabhag_No` int(2) DEFAULT NULL,
  `Prabhag_Name` varchar(41) DEFAULT NULL
) ENGINE=MyISAM DEFAULT CHARSET=utf8;

--
-- Dumping data for table `prabhagname`
--

INSERT INTO `prabhagname` (`Ward_ofc`, `Prabhag_No`, `Prabhag_Name`) VALUES
('Aundh :', 6, 'Bopodi Gaonthan'),
('Aundh :', 7, 'Pune University'),
(' Aundh :', 8, 'Aundh ITI'),
('Aundh :', 9, 'Baner Balewadi'),
('Aundh :', 10, 'Pashan Sutarwadi'),
('Bhawani Peth :', 39, 'KEM Hospital'),
('Bhawani Peth :', 47, 'Arunkumar Vaidya Stadium'),
('Bhawani Peth :', 48, 'Palkhi Vithoba Mandir'),
('Bhawani Peth :', 59, 'Kashewadi Gurunanaknagar'),
('Bhawani Peth :', 60, 'Mahatma Phule Peth Kashewadi Bhawani Peth'),
('Bhawani Peth :', 65, 'Ghorpade Garden'),
('Bhawani Peth :', 64, 'Salisbury Park'),
('Bhawani Peth :', 70, 'Bibvewadi and KK Market'),
('Bhawani Peth :', 71, 'Shivaji Market, Gultekdi'),
('Bhawani Peth :', 72, 'Upper Indiranagar'),
('Dhankawadi :', 69, 'Dhankawadi Padmavati'),
('Dhankawadi :', 73, 'Balajinagar Vaibhavnagar'),
('Dhankawadi :', 74, 'Bharati Vidyapeeth'),
('Dhankawadi :', 75, 'Katraj Dairy'),
('Dhankawadi :', 76, 'Katraj Maulinagar'),
('Dhole Patil Road :', 20, 'Magarpatta City'),
('Dhole Patil Road :', 21, 'Koregaon Park'),
('Dhole Patil Road :', 22, 'Naidu Hospital'),
('Dhole Patil Road :', 23, 'Junabazaar Kumbharwada'),
('Dhole Patil Road :', 40, 'Collectorate'),
('Ghole Road :', 11, 'Janwadi-Gokhalenagar'),
('Ghole Road :', 12, 'Model Colony'),
('Ghole Road :', 13, 'Narveer Tanajiwadi'),
('Ghole Road :', 24, 'Balgandharva'),
('Ghole Road :', 25, 'Wadarwadi-Pandavnagar'),
('Ghole Road :', 36, 'Kamla Nehru Park'),
('Hadapsar :', 42, 'Lohiya Garden, Vaiduwadi'),
('Hadapsar :', 43, 'Sadhana Vidyalay'),
('Hadapsar :', 44, 'Gliding Centre'),
('Hadapsar :', 45, 'Mohammadwadi'),
('Kasba Vishrambagwada :', 37, 'Shaniwarwada'),
('Kasba Vishrambagwada :', 38, 'Kasba Peth'),
('Kasba Vishrambagwada :', 49, 'Dr. Kotnis Hospital'),
('Kasba Vishrambagwada :', 50, 'Mahatma Phule Mandai'),
('Kasba Vishrambagwada :', 51, 'Tilak Smarak Mandir'),
('Kasba Vishrambagwada :', 58, 'Mahatma Phule Smarak'),
('Kondhwa Wanavdi :', 41, 'Sopan Baug - Vikasnagar'),
('Kondhwa Wanavdi :', 46, 'Wanavdi - Ramtekdi'),
('Kondhwa Wanavdi :', 61, 'Kedar Vasti - Azadnagar'),
('Kondhwa Wanavdi :', 62, 'Kondhwa Budruk, Gokulnagar'),
('Kondhwa Wanavdi :', 63, 'Bhagyodaynagar'),
('Kothrud :', 26, 'MIT - Kelewadi'),
('Kothrud :', 27, 'Sutardara-Kishkindha Naga'),
('Kothrud :', 28, 'ARDE - Mhatobanagar'),
('Kothrud :', 29, 'Bavdhan Khurd'),
('Kothrud :', 34, 'Gujrat Colony'),
('Nagar Road :', 2, 'Kharadi Infotech Park'),
('Nagar Road :', 3, 'Vimannagar Sanjay Park'),
('Nagar Road :', 4, 'Nagpur Chawl'),
('Nagar Road :', 17, 'Agakhan Palace'),
('Nagar Road :', 18, 'Vadgaon Sheri'),
('Nagar Road :', 19, 'Vadgaon Sheri - Ganesh Nagar'),
('Sahakarnagar :', 57, 'Kadakmal Ali Hirabaug'),
('Sahakarnagar :', 66, 'Adinath Society'),
('Sahakarnagar :', 67, 'Aranyeshwar Taware Colony'),
('Sahakarnagar :', 68, 'Sahakarnagar - Taljai'),
('Tilak Road :', 52, 'Vaikunth Smashanbhoomi'),
('Tilak Road :', 53, 'PL Deshpande Udyan'),
('Tilak Road :', 54, 'Suncity Wadgaon Budruk'),
('Tilak Road :', 55, 'Janata Vasahat'),
('Tilak Road :', 56, 'Sarasbaug Parvati'),
('Warje Karvenagar :', 30, 'Popularnagar Malwadi'),
('Warje Karvenagar :', 31, 'Shivane - Warje - Ramnagar'),
('Warje Karvenagar :', 32, 'Karvenagar - Gosavivasti'),
('Warje Karvenagar :', 33, 'Dahanukar Colony'),
('Warje Karvenagar :', 35, 'Deenanath Mangeshkar Hospital'),
('Yerawda - Sangamwadi :', 1, 'Lohegaon Airport'),
('Yerawda - Sangamwadi :', 5, 'Vishrantwadi Mhaske Vasti'),
('Yerawda - Sangamwadi :', 14, 'Deccan College'),
('Yerawda - Sangamwadi :', 15, 'Rajguru Road'),
('Yerawda - Sangamwadi :', 16, 'Subhashnagar');

-- --------------------------------------------------------

--
-- Table structure for table `wardoffice`
--

DROP TABLE IF EXISTS `wardoffice`;
CREATE TABLE IF NOT EXISTS `wardoffice` (
  `Ward_ofc` varchar(22) DEFAULT NULL,
  `Prabhag_No` int(3) DEFAULT NULL,
  `Prabhag_Name` varchar(41) DEFAULT NULL
) ENGINE=MyISAM DEFAULT CHARSET=utf8;

--
-- Dumping data for table `wardoffice`
--

INSERT INTO `wardoffice` (`Ward_ofc`, `Prabhag_No`, `Prabhag_Name`) VALUES
('Aundh :', 0, '0'),
('Aundh :', 6, 'Bopodi Gaonthan'),
('Aundh :', 7, 'Pune University'),
('Aundh :', 8, 'Aundh ITI'),
('Aundh :', 9, 'Baner Balewadi'),
('Aundh :', 10, 'Pashan Sutarwadi'),
('Aundh :', 100, '100'),
('Bhawani Peth :', 0, '0'),
('Bhawani Peth :', 39, 'KEM Hospital'),
('Bhawani Peth :', 47, 'Arunkumar Vaidya Stadium'),
('Bhawani Peth :', 48, 'Palkhi Vithoba Mandir'),
('Bhawani Peth :', 59, 'Kashewadi Gurunanaknagar'),
('Bhawani Peth :', 60, 'Mahatma Phule Peth Kashewadi Bhawani Peth'),
('Bhawani Peth :', 65, 'Ghorpade Garden'),
('Bhawani Peth :', 64, 'Salisbury Park'),
('Bhawani Peth :', 70, 'Bibvewadi and KK Market'),
('Bhawani Peth :', 71, 'Shivaji Market, Gultekdi'),
('Bhawani Peth :', 72, 'Upper Indiranagar'),
('Bhawani Peth :', 100, '100'),
('Dhankawadi :', 0, '0'),
('Dhankawadi :', 69, 'Dhankawadi Padmavati'),
('Dhankawadi :', 73, 'Balajinagar Vaibhavnagar'),
('Dhankawadi :', 74, 'Bharati Vidyapeeth'),
('Dhankawadi :', 75, 'Katraj Dairy'),
('Dhankawadi :', 76, 'Katraj Maulinagar'),
('Dhankawadi :', 100, '100'),
('Dhole Patil Road :', 0, '0'),
('Dhole Patil Road :', 20, 'Magarpatta City'),
('Dhole Patil Road :', 21, 'Koregaon Park'),
('Dhole Patil Road :', 22, 'Naidu Hospital'),
('Dhole Patil Road :', 23, 'Junabazaar Kumbharwada'),
('Dhole Patil Road :', 40, 'Collectorate'),
('Dhole Patil Road :', 100, '100'),
('Ghole Road :', 0, '0'),
('Ghole Road :', 11, 'Janwadi-Gokhalenagar'),
('Ghole Road :', 12, 'Model Colony'),
('Ghole Road :', 13, 'Narveer Tanajiwadi'),
('Ghole Road :', 24, 'Balgandharva'),
('Ghole Road :', 25, 'Wadarwadi-Pandavnagar'),
('Ghole Road :', 36, 'Kamla Nehru Park'),
('Ghole Road :', 100, '100'),
('Hadapsar :', 0, '0'),
('Hadapsar :', 42, 'Lohiya Garden, Vaiduwadi'),
('Hadapsar :', 43, 'Sadhana Vidyalay'),
('Hadapsar :', 44, 'Gliding Centre'),
('Hadapsar :', 45, 'Mohammadwadi'),
('Hadapsar :', 100, '100'),
('Kasba Vishrambagwada :', 0, '0'),
('Kasba Vishrambagwada :', 37, 'Shaniwarwada'),
('Kasba Vishrambagwada :', 38, 'Kasba Peth'),
('Kasba Vishrambagwada :', 49, 'Dr. Kotnis Hospital'),
('Kasba Vishrambagwada :', 50, 'Mahatma Phule Mandai'),
('Kasba Vishrambagwada :', 51, 'Tilak Smarak Mandir'),
('Kasba Vishrambagwada :', 58, 'Mahatma Phule Smarak'),
('Kasba Vishrambagwada :', 100, '100'),
('Kondhwa Wanavdi :', 0, '0'),
('Kondhwa Wanavdi :', 41, 'Sopan Baug - Vikasnagar'),
('Kondhwa Wanavdi :', 46, 'Wanavdi - Ramtekdi'),
('Kondhwa Wanavdi :', 61, 'Kedar Vasti - Azadnagar'),
('Kondhwa Wanavdi :', 62, 'Kondhwa Budruk, Gokulnagar'),
('Kondhwa Wanavdi :', 63, 'Bhagyodaynagar'),
('Kondhwa Wanavdi :', 100, '100'),
('Kothrud :', 0, '0'),
('Kothrud :', 26, 'MIT - Kelewadi'),
('Kothrud :', 27, 'Sutardara-Kishkindha Naga'),
('Kothrud :', 28, 'ARDE - Mhatobanagar'),
('Kothrud :', 29, 'Bavdhan Khurd'),
('Kothrud :', 34, 'Gujrat Colony'),
('Kothrud :', 100, '100'),
('Nagar Road :', 0, '0'),
('Nagar Road :', 2, 'Kharadi Infotech Park'),
('Nagar Road :', 3, 'Vimannagar Sanjay Park'),
('Nagar Road :', 4, 'Nagpur Chawl'),
('Nagar Road :', 17, 'Agakhan Palace'),
('Nagar Road :', 18, 'Vadgaon Sheri'),
('Nagar Road :', 19, 'Vadgaon Sheri - Ganesh Nagar'),
('Nagar Road :', 100, '100'),
('Sahakarnagar :', 0, '0'),
('Sahakarnagar :', 57, 'Kadakmal Ali Hirabaug'),
('Sahakarnagar :', 66, 'Adinath Society'),
('Sahakarnagar :', 67, 'Aranyeshwar Taware Colony'),
('Sahakarnagar :', 68, 'Sahakarnagar - Taljai'),
('Sahakarnagar :', 100, '100'),
('Tilak Road :', 0, '0'),
('Tilak Road :', 52, 'Vaikunth Smashanbhoomi'),
('Tilak Road :', 53, 'PL Deshpande Udyan'),
('Tilak Road :', 54, 'Suncity Wadgaon Budruk'),
('Tilak Road :', 55, 'Janata Vasahat'),
('Tilak Road :', 56, 'Sarasbaug Parvati'),
('Tilak Road :', 100, '100'),
('Warje Karvenagar :', 0, '0'),
('Warje Karvenagar :', 30, 'Popularnagar Malwadi'),
('Warje Karvenagar :', 31, 'Shivane - Warje - Ramnagar'),
('Warje Karvenagar :', 32, 'Karvenagar - Gosavivasti'),
('Warje Karvenagar :', 33, 'Dahanukar Colony'),
('Warje Karvenagar :', 35, 'Deenanath Mangeshkar Hospital'),
('Warje Karvenagar :', 100, '100'),
('Yerawda - Sangamwadi :', 0, '0'),
('Yerawda - Sangamwadi :', 1, 'Lohegaon Airport'),
('Yerawda - Sangamwadi :', 5, 'Vishrantwadi Mhaske Vasti'),
('Yerawda - Sangamwadi :', 14, 'Deccan College'),
('Yerawda - Sangamwadi :', 15, 'Rajguru Road'),
('Yerawda - Sangamwadi :', 16, 'Subhashnagar'),
('Yerawda - Sangamwadi :', 100, '100');

-- --------------------------------------------------------

--
-- Table structure for table `work_details`
--

DROP TABLE IF EXISTS `work_details`;
CREATE TABLE IF NOT EXISTS `work_details` (
  `Year` varchar(11) DEFAULT NULL,
  `Details_Of_Work` varchar(100) DEFAULT NULL,
  `Amount` decimal(15,2) DEFAULT NULL,
  `Code` varchar(4) DEFAULT NULL,
  `Prabhag_No` varchar(7) DEFAULT NULL
) ENGINE=MyISAM DEFAULT CHARSET=utf8;

--
-- Dumping data for table `work_details`
--

INSERT INTO `work_details` (`Year`, `Details_Of_Work`, `Amount`, `Code`, `Prabhag_No`) VALUES
('2012 - 2013', 'Benches', '372070.00', 'B', '21B'),
('2012 - 2013', 'Building of Bus stop shed', '60000.00', 'BS', '21B'),
('2012 - 2013', '', '198000.00', 'BW', '21B'),
('2012 - 2013', 'Drainage work/ Laying of Drainage line', '20000.00', 'D', '21B'),
('2012 - 2013', 'Garden work', '200000.00', 'G', '21B'),
('2012 - 2013', 'Samaj Mandir/ Related work/ Renovation', '107568.00', 'SM', '21B'),
('2012 - 2013', '', '157232.00', 'SSB', '21B'),
('2012 - 2013', '', '396000.00', 'WP', '21B'),
('2013 - 2014', 'Dustbin distribution/ Buckets', '200000.00', 'DB', '21B'),
('2013 - 2014', 'Footpath work', '167289.00', 'F', '21B'),
('2013 - 2014', 'Maintenance/cleaning', '161226.00', 'M', '21B'),
('2013 - 2014', '', '200000.00', 'MS', '21B'),
('2014 - 2015', '', '179187.00', 'AW', '21B'),
('2014 - 2015', 'Benches', '329776.00', 'B', '21B'),
('2014 - 2015', '', '327209.00', 'BW', '21B'),
('2014 - 2015', 'Concretization', '369957.00', 'C', '21B'),
('2014 - 2015', 'Computers', '200000.00', 'CO', '21B'),
('2014 - 2015', 'Electrification, new street lights', '151364.00', 'E', '21B'),
('2014 - 2015', '', '200000.00', 'FW', '21B'),
('2014 - 2015', 'Pavement blocks', '169510.00', 'P', '21B'),
('2014 - 2015', 'Water supply', '168866.00', 'W', '21B'),
('2012 - 2013', 'Benches', '167117.00', 'B', '22A'),
('2012 - 2013', '', '200000.00', 'BBT', '22A'),
('2012 - 2013', '', '200000.00', 'BSS', '22A'),
('2012 - 2013', 'Drainage work/ Laying of Drainage line', '62843.00', 'D', '22A'),
('2012 - 2013', 'Drainage work+ Concretisation', '289412.00', 'D+C', '22A'),
('2012 - 2013', '', '132045.00', 'FB', '22A'),
('2012 - 2013', 'Toilet Renovation/Maintenance', '367042.00', 'TO', '22A'),
('2013 - 2014', 'Benches', '156752.00', 'B', '22A'),
('2013 - 2014', '', '277817.00', 'BBT', '22A'),
('2013 - 2014', 'Dustbin distribution/ Buckets', '200000.00', 'DB', '22A'),
('2013 - 2014', '', '147107.00', 'DW', '22A'),
('2013 - 2014', '', '156170.00', 'FBI', '22A'),
('2013 - 2014', 'Laying of Tiles+Concretisation', '147380.00', 'T+C', '22A'),
('2013 - 2014', '', '200000.00', 'WBP', '22A'),
('2014 - 2015', 'Benches', '214802.00', 'B', '22A'),
('2014 - 2015', 'Computers', '400000.00', 'CO', '22A'),
('2014 - 2015', 'Dustbin distribution/ Buckets', '200000.00', 'DB', '22A'),
('2014 - 2015', '', '193948.00', 'DW', '22A'),
('2014 - 2015', 'Electrification, new street lights', '183470.00', 'E', '22A'),
('2014 - 2015', 'Samaj Mandir/ Related work/ Renovation', '780876.00', 'SM', '22A'),
('2014 - 2015', 'Water supply', '171196.00', 'W', '22A'),
('2014 - 2015', '', '200000.00', 'WB', '22A'),
('2012 - 2013', 'Benches', '281000.00', 'B', '26B'),
('2012 - 2013', 'Drainage work/ Laying of Drainage line', '284000.00', 'D', '26B'),
('2012 - 2013', 'Dustbin distribution/ Buckets', '200000.00', 'DB', '26B'),
('2012 - 2013', 'Gym/ gym equipments', '156000.00', 'GY', '26B'),
('2012 - 2013', 'Maintenance/cleaning', '106000.00', 'M', '26B'),
('2012 - 2013', 'Samaj Mandir/ Related work/ Renovation', '200000.00', 'SM', '26B'),
('2013 - 2014', 'Benches', '154000.00', 'B', '26B'),
('2013 - 2014', '', '277817.00', 'BBT', '26B'),
('2013 - 2014', 'Computers', '400000.00', 'CO', '26B'),
('2013 - 2014', 'Dustbin distribution/ Buckets', '200000.00', 'DB', '26B'),
('2013 - 2014', 'Electrification, new street lights', '255000.00', 'E', '26B'),
('2013 - 2014', '', '156170.00', 'FBI', '26B'),
('2013 - 2014', 'Jute bags', '200000.00', 'J', '26B'),
('2013 - 2014', '', '200000.00', 'WBP', '26B'),
('2014 - 2015', 'Benches', '214802.00', 'B', '26B'),
('2014 - 2015', 'Computers', '400000.00', 'CO', '26B'),
('2014 - 2015', 'Drainage work/ Laying of Drainage line', '852000.00', 'D', '26B'),
('2014 - 2015', 'Dustbin distribution/ Buckets', '200000.00', 'DB', '26B'),
('2014 - 2015', '', '362948.00', 'DW', '26B'),
('2014 - 2015', 'Electrification, new street lights', '435470.00', 'E', '26B'),
('2014 - 2015', 'Samaj Mandir/ Related work/ Renovation', '780876.00', 'SM', '26B'),
('2014 - 2015', 'Water supply', '171196.00', 'W', '26B'),
('2014 - 2015', '', '200000.00', 'WB', '26B'),
('2012 - 2013', 'Benches', '158000.00', 'B', '29A'),
('2012 - 2013', 'Concretization', '148000.00', 'C', '29A'),
('2012 - 2013', 'Dustbin distribution/ Buckets', '394000.00', 'DB', '29A'),
('2012 - 2013', 'Electrification, new street lights', '226000.00', 'E', '29A'),
('2012 - 2013', 'Jute bags', '198000.00', 'J', '29A'),
('2012 - 2013', 'Pavement blocks', '299000.00', 'P', '29A'),
('2013 - 2014', '', '277817.00', 'BBT', '29A'),
('2013 - 2014', 'Concretization', '280000.00', 'C', '29A'),
('2013 - 2014', 'Drainage work/ Laying of Drainage line', '136000.00', 'D', '29A'),
('2013 - 2014', 'Electrification, new street lights', '299000.00', 'E', '29A'),
('2013 - 2014', 'Footpath work', '158000.00', 'F', '29A'),
('2013 - 2014', '', '156170.00', 'FBI', '29A'),
('2013 - 2014', 'Water supply', '157000.00', 'W', '29A'),
('2013 - 2014', '', '200000.00', 'WBP', '29A'),
('2013 - 2014', '', '200000.00', 'WD', '29A'),
('2014 - 2015', 'Benches', '512802.00', 'B', '29A'),
('2014 - 2015', 'Computers', '400000.00', 'CO', '29A'),
('2014 - 2015', 'Drainage work/ Laying of Drainage line', '298000.00', 'D', '29A'),
('2014 - 2015', 'Dustbin distribution/ Buckets', '200000.00', 'DB', '29A'),
('2014 - 2015', '', '193948.00', 'DW', '29A'),
('2014 - 2015', 'Electrification, new street lights', '183470.00', 'E', '29A'),
('2014 - 2015', 'Samaj Mandir/ Related work/ Renovation', '780876.00', 'SM', '29A'),
('2014 - 2015', 'Water supply', '171196.00', 'W', '29A'),
('2014 - 2015', '', '200000.00', 'WB', '29A'),
('2012 - 2013', 'Benches', '285635.50', 'B', '30A'),
('2012 - 2013', '', '181876.27', 'BW', '30A'),
('2012 - 2013', 'Electrification, new street lights', '223792.37', 'E', '30A'),
('2012 - 2013', 'Jute bags', '100000.00', 'J', '30A'),
('2012 - 2013', 'Maintenance/cleaning', '158739.78', 'M', '30A'),
('2012 - 2013', 'Installation of Nameplates', '256373.34', 'N', '30A'),
('2012 - 2013', 'Water supply', '39645.27', 'W', '30A'),
('2013 - 2014', 'Benches', '293349.44', 'B', '30A'),
('2013 - 2014', 'Concretization', '78903.87', 'C', '30A'),
('2013 - 2014', 'Drainage work/ Laying of Drainage line', '216028.23', 'D', '30A'),
('2013 - 2014', 'Installation of Nameplates', '74548.10', 'N', '30A'),
('2013 - 2014', '', '166390.56', 'RW', '30A'),
('2014 - 2015', 'Benches', '16289.00', 'B', '30A'),
('2014 - 2015', 'Installation of Nameplates', '245010.41', 'N', '30A'),
('2014 - 2015', 'Samaj Mandir/ Related work/ Renovation', '400000.00', 'SM', '30A'),
('2014 - 2015', '', '200000.00', 'WB', '30A'),
('2015 - 2016', 'Drainage work/ Laying of Drainage line', '403408.98', 'D', '30A'),
('2015 - 2016', 'Electrification, new street lights', '161138.68', 'E', '30A'),
('2015 - 2016', 'Maintenance/cleaning', '293585.42', 'M', '30A'),
('2015 - 2016', 'Installation of Nameplates', '143231.73', 'N', '30A'),
('2015 - 2016', 'Colouring roads/ Railing Work/Road WorK', '191617.20', 'R', '30A'),
('2012 - 2013', 'Benches', '548736.97', 'B', '30B'),
('2012 - 2013', 'Computers', '196880.00', 'CO', '30B'),
('2012 - 2013', 'Drainage work/ Laying of Drainage line', '85229.57', 'D', '30B'),
('2012 - 2013', 'Electrification, new street lights', '112445.95', 'E', '30B'),
('2012 - 2013', 'Installation of Nameplates', '149819.80', 'N', '30B'),
('2012 - 2013', 'Water supply', '232324.99', 'W', '30B'),
('2013 - 2014', 'Benches', '625748.45', 'B', '30B'),
('2013 - 2014', 'Drainage work/ Laying of Drainage line', '315917.12', 'D', '30B'),
('2013 - 2014', 'Electrification, new street lights', '133147.49', 'E', '30B'),
('2014 - 2015', 'Benches', '707705.89', 'B', '30B'),
('2014 - 2015', 'Drainage work/ Laying of Drainage line', '508914.90', 'D', '30B'),
('2014 - 2015', 'Electrification, new street lights', '146938.01', 'E', '30B'),
('2014 - 2015', 'Installation of Nameplates', '199560.22', 'N', '30B'),
('2014 - 2015', 'Samaj Mandir/ Related work/ Renovation', '400000.00', 'SM', '30B'),
('2014 - 2015', '', '200000.00', 'WB', '30B'),
('2015 - 2016', 'Colouring roads/ Railing Work/Road WorK', '191617.20', 'R', '30B'),
('2012 - 2013', 'Benches', '345382.71', 'B', '32B'),
('2012 - 2013', 'Computers', '196880.00', 'CO', '32B'),
('2012 - 2013', 'Maintenance/cleaning', '159540.00', 'M', '32B'),
('2012 - 2013', '', '167942.72', 'RW', '32B'),
('2013 - 2014', 'Benches', '163694.95', 'B', '32B'),
('2013 - 2014', 'Maintenance/cleaning', '151572.00', 'M', '32B'),
('2013 - 2014', 'Installation of Nameplates', '300273.07', 'N', '32B'),
('2013 - 2014', '', '517035.07', 'RW', '32B'),
('2014 - 2015', 'Benches', '267137.44', 'B', '32B'),
('2014 - 2015', '', '162075.72', 'DW', '32B'),
('2014 - 2015', 'Electrification, new street lights', '137230.32', 'E', '32B'),
('2014 - 2015', 'Maintenance/cleaning', '165570.92', 'M', '32B'),
('2014 - 2015', 'Installation of Nameplates', '255539.82', 'N', '32B'),
('2014 - 2015', 'Samaj Mandir/ Related work/ Renovation', '400000.00', 'SM', '32B'),
('2014 - 2015', '', '200000.00', 'WB', '32B'),
('2015 - 2016', 'Benches', '144388.50', 'B', '32B'),
('2015 - 2016', 'Drainage work/ Laying of Drainage line', '194428.54', 'D', '32B'),
('2015 - 2016', 'Electrification, new street lights', '361024.40', 'E', '32B'),
('2015 - 2016', 'Maintenance/cleaning', '152744.99', 'M', '32B'),
('2015 - 2016', 'Installation of Nameplates', '263255.71', 'N', '32B'),
('2012 - 2013', 'Benches', '375960.79', 'B', '35A'),
('2012 - 2013', 'Installation of Nameplates', '297945.35', 'N', '35A'),
('2012 - 2013', '', '145382.90', 'WD', '35A'),
('2013 - 2014', 'Installation of Nameplates', '315900.46', 'N', '35A'),
('2014 - 2015', 'Benches', '559369.97', 'B', '35A'),
('2014 - 2015', 'Drainage work/ Laying of Drainage line', '26244.11', 'D', '35A'),
('2014 - 2015', '', '162075.72', 'DW', '35A'),
('2014 - 2015', 'Electrification, new street lights', '137230.32', 'E', '35A'),
('2014 - 2015', 'Maintenance/cleaning', '165570.92', 'M', '35A'),
('2014 - 2015', 'Installation of Nameplates', '310332.02', 'N', '35A'),
('2014 - 2015', '', '57220.14', 'RW', '35A'),
('2014 - 2015', 'Samaj Mandir/ Related work/ Renovation', '400000.00', 'SM', '35A'),
('2014 - 2015', '', '200000.00', 'WB', '35A'),
('2015 - 2016', 'Benches', '144388.50', 'B', '35A'),
('2015 - 2016', 'Drainage work/ Laying of Drainage line', '194428.54', 'D', '35A'),
('2015 - 2016', 'Electrification, new street lights', '361024.40', 'E', '35A'),
('2015 - 2016', 'Maintenance/cleaning', '152744.99', 'M', '35A'),
('2015 - 2016', 'Installation of Nameplates', '263255.71', 'N', '35A'),
('2012 - 2013', 'Benches', '132495.33', 'B', '35B'),
('2012 - 2013', 'Installation of Nameplates', '164493.97', 'N', '35B'),
('2013 - 2014', 'Benches', '132390.58', 'B', '35B'),
('2013 - 2014', 'Installation of Nameplates', '367509.33', 'N', '35B'),
('2014 - 2015', 'Benches', '267137.44', 'B', '35B'),
('2014 - 2015', '', '162075.72', 'DW', '35B'),
('2014 - 2015', '', '44336.98', 'FE', '35B'),
('2014 - 2015', 'Installation of Nameplates', '207365.90', 'N', '35B'),
('2014 - 2015', '', '87971.14', 'RW', '35B'),
('2014 - 2015', 'Samaj Mandir/ Related work/ Renovation', '400000.00', 'SM', '35B'),
('2014 - 2015', '', '200000.00', 'WB', '35B'),
('2015 - 2016', 'Benches', '592510.61', 'B', '35B'),
('2015 - 2016', 'Drainage work/ Laying of Drainage line', '194428.54', 'D', '35B'),
('2015 - 2016', 'Electrification, new street lights', '361024.40', 'E', '35B'),
('2015 - 2016', '', '143691.32', 'FE', '35B'),
('2015 - 2016', 'Maintenance/cleaning', '152744.99', 'M', '35B'),
('2015 - 2016', 'Installation of Nameplates', '402311.78', 'N', '35B'),
('2015 - 2016', '', '162013.27', 'WD', '35B'),
('2012 - 2013', 'Benches', '297214.00', 'B', '40B'),
('2012 - 2013', '', '50000.00', 'BW', '40B'),
('2012 - 2013', 'Drainage work/ Laying of Drainage line', '199940.00', 'D', '40B'),
('2012 - 2013', 'Dustbin distribution/ Buckets', '200000.00', 'DB', '40B'),
('2012 - 2013', '', '138395.00', 'FE', '40B'),
('2012 - 2013', 'Installation of Nameplates', '103412.00', 'N', '40B'),
('2012 - 2013', 'Laying of Tiles', '157213.00', 'T', '40B'),
('2012 - 2013', '', '200000.00', 'WBP', '40B'),
('2013 - 2014', 'Benches', '156494.00', 'B', '40B'),
('2013 - 2014', 'Dustbin distribution/ Buckets', '200000.00', 'DB', '40B'),
('2013 - 2014', '', '200000.00', 'MS', '40B'),
('2013 - 2014', 'Installation of Nameplates', '158620.00', 'N', '40B'),
('2013 - 2014', '', '200000.00', 'S', '40B'),
('2013 - 2014', '', '200000.00', 'WBP', '40B'),
('2014 - 2015', 'Benches', '184231.00', 'B', '40B'),
('2014 - 2015', 'Dustbin distribution/ Buckets', '200000.00', 'DB', '40B'),
('2014 - 2015', 'Electrification, new street lights', '165186.00', 'E', '40B'),
('2014 - 2015', 'Gym/ gym equipments', '199373.00', 'GY', '40B'),
('2014 - 2015', '', '170796.00', 'ID', '40B'),
('2014 - 2015', 'Jute bags', '600000.00', 'J', '40B'),
('2014 - 2015', 'Maintenance/cleaning', '200000.00', 'M', '40B'),
('2014 - 2015', 'Samaj Mandir/ Related work/ Renovation', '600000.00', 'SM', '40B'),
('2014 - 2015', 'Toilet Renovation/Maintenance', '199692.00', 'TO', '40B'),
('2014 - 2015', '', '200000.00', 'WB', '40B'),
('2015 - 2016', 'Electrification, new street lights', '361024.40', 'E', '40B'),
('2012 - 2013', 'Concretization', '1131837.00', 'C', '54A'),
('2012 - 2013', 'Computers', '200000.00', 'CO', '54A'),
('2012 - 2013', 'Drainage work/ Laying of Drainage line', '304680.00', 'D', '54A'),
('2012 - 2013', 'Footpath work', '181667.00', 'F', '54A'),
('2012 - 2013', 'Pavement blocks', '200000.00', 'P', '54A'),
('2012 - 2013', 'Colouring roads/ Railing Work/Road WorK', '150000.00', 'R', '54A'),
('2012 - 2013', '', '200000.00', 'SB', '54A'),
('2013 - 2014', 'Benches', '157554.00', 'B', '54A'),
('2013 - 2014', 'Concretization', '842997.00', 'C', '54A'),
('2013 - 2014', 'Computers', '200000.00', 'CO', '54A'),
('2013 - 2014', 'Electrification, new street lights', '200000.00', 'E', '54A'),
('2013 - 2014', '', '200000.00', 'S', '54A'),
('2014 - 2015', 'Benches', '547704.00', 'B', '54A'),
('2014 - 2015', 'Concretization', '172855.00', 'C', '54A'),
('2014 - 2015', '', '400000.00', 'FW', '54A'),
('2014 - 2015', 'Gym/ gym equipments', '400000.00', 'GY', '54A'),
('2014 - 2015', 'Jute bags', '200000.00', 'J', '54A'),
('2014 - 2015', 'Pavement blocks', '285748.00', 'P', '54A');

/*!40101 SET CHARACTER_SET_CLIENT=@OLD_CHARACTER_SET_CLIENT */;
/*!40101 SET CHARACTER_SET_RESULTS=@OLD_CHARACTER_SET_RESULTS */;
/*!40101 SET COLLATION_CONNECTION=@OLD_COLLATION_CONNECTION */;
